Product Name,Normalized Name,Customer Reference,months_seen,first_period,last_period,resellers,item_number_candidates,needs_review,review_reasons
Accel World VS. Sword Art Online Deluxe Edition,accel_world_vs_sword_art_online_deluxe,E02452,22,2024-08_2024-09,2026-06,"Alibaba, Heybox, Sonkwo",E02452=22p; E04157=1p,False,
ACE COMBAT 7: SKIES UNKNOWN,ace_combat_7_skies_unknown,E03174,22,2024-08_2024-09,2026-06,"Alibaba, Heybox, Sonkwo",E03174=22p,False,
ACE COMBAT™ 7: SKIES UNKNOWN - TOP GUN: Maverick Edition,ace_combat_7_skies_unknown_top_gun_maverick,E05445,20,2024-08_2024-09,2026-06,"Alibaba, Heybox, Sonkwo",E05445=20p; E05444=1p,False,
ACE COMBAT™ 7: SKIES UNKNOWN - TOP GUN: Maverick Ultimate Edition,ace_combat_7_skies_unknown_top_gun_maverick_ultimate,E05444,20,2024-08_2024-09,2026-06,"Alibaba, Heybox, Sonkwo",E05444=20p,False,
ARMORED CORE VI FIRES OF RUBICON Standard Edition,armored_core_vi_fires_of_rubicon,E05837,22,2024-08_2024-09,2026-06,"Alibaba, Heybox, Sonkwo",E05837=22p,False,
ARMORED CORE VI FIRES OF RUBICON Deluxe Edition,armored_core_vi_fires_of_rubicon_deluxe,E05838,22,2024-08_2024-09,2026-06,"Alibaba, Heybox, Sonkwo",E05838=22p,False,
Baten Kaitos I & II HD Remaster,baten_kaitos_i_ii_hd_remaster,E06117,18,2024-12,2026-06,"Alibaba, Heybox, Sonkwo",E06117=18p,False,
BLACK CLOVER: QUARTET KNIGHTS,black_clover_quartet_knights,E02895,22,2024-08_2024-09,2026-06,"Alibaba, Heybox",E02895=22p,False,
BLACK CLOVER: QUARTET KNIGHTS Deluxe Edition,black_clover_quartet_knights_deluxe,E02950,22,2024-08_2024-09,2026-06,"Alibaba, Heybox, Sonkwo",E02950=22p,False,
BLEACH Rebirth of Souls,bleach_rebirth_of_souls,E06132,16,2025-03,2026-06,"Alibaba, Heybox, Sonkwo",E06132=16p,False,
BLEACH Rebirth of Souls Deluxe Edition,bleach_rebirth_of_souls_deluxe,E06690,16,2025-03,2026-06,"Alibaba, Heybox, Sonkwo",E06690=16p,False,
BLEACH Rebirth of Souls Ultimate Edition,bleach_rebirth_of_souls_ultimate,E06691,16,2025-03,2026-06,"Alibaba, Heybox, Sonkwo",E06691=16p,False,
Captain Tsubasa: Rise of New Champions,captain_tsubasa_rise_of_new_champions,E03350,22,2024-08_2024-09,2026-06,"Alibaba, Heybox, Sonkwo",E03350=22p,False,
Captain Tsubasa: Rise of New Champions - Deluxe Edition,captain_tsubasa_rise_of_new_champions_deluxe,E04120,22,2024-08_2024-09,2026-06,"Alibaba, Heybox, Sonkwo",E04120=22p,False,
Captain Tsubasa: Rise of New Champions - Ultimate Edition,captain_tsubasa_rise_of_new_champions_ultimate,E06275,22,2024-08_2024-09,2026-06,"Alibaba, Heybox, Sonkwo",E06275=22p,False,
CODE VEIN,code_vein,E03009,22,2024-08_2024-09,2026-06,"Alibaba, Heybox, Sonkwo",E03009=22p,False,
CODE VEIN Deluxe Edition,code_vein_deluxe,E03483,22,2024-08_2024-09,2026-06,"Alibaba, Heybox, Sonkwo",E03483=22p,False,
CODE VEIN II,code_vein_ii,L00239,6,2026-01,2026-06,"Heybox, Sonkwo",L00239=6p,False,
CODE VEIN II Deluxe Edition,code_vein_ii_deluxe,L00240,6,2026-01,2026-06,"Heybox, Sonkwo",L00240=6p,False,
CODE VEIN II Ultimate Edition,code_vein_ii_ultimate,L00241,6,2026-01,2026-06,"Heybox, Sonkwo",L00241=6p,False,
DARK SOULS™ II: Scholar of the First Sin,dark_souls_ii_scholar_of_the_first_sin,E01927,21,2024-08_2024-09,2026-06,"Alibaba, Heybox, Sonkwo",E01927=21p,False,
DARK SOULS III,dark_souls_iii,E01572,21,2024-08_2024-09,2026-06,"Alibaba, Heybox, Sonkwo",E01572=21p,False,
DARK SOULS III Deluxe Edition,dark_souls_iii_deluxe,E02323,21,2024-08_2024-09,2026-06,"Alibaba, Heybox, Sonkwo",E02323=21p,False,
DARK SOULS III - Season Pass,dark_souls_iii_season_pass,E01893,21,2024-08_2024-09,2026-06,"Alibaba, Heybox",E01893=21p,False,
DARK SOULS: REMASTERED,dark_souls_remastered,E02716,22,2024-08_2024-09,2026-06,"Alibaba, Heybox, Sonkwo",E02716=22p,False,
DEATH NOTE Killer Within,death_note_killer_within,E06643,19,2024-12,2026-06,"Alibaba, Heybox, Sonkwo",E06643=19p,False,
DEATH NOTE Killer Within Special Edition,death_note_killer_within_special,E06646,17,2024-12,2026-06,"Alibaba, Heybox, Sonkwo",E06646=17p,False,
Digimon Story Cyber Sleuth: Complete Edition,digimon_story_cyber_sleuth_complete,E05368,21,2024-08_2024-09,2026-06,"Alibaba, Heybox, Sonkwo",E05368=21p,False,
Digimon Story Time Stranger,digimon_story_time_stranger,E03053,12,2025-07,2026-06,"Alibaba, Heybox, Sonkwo",E03053=12p,False,
Digimon Story Time Stranger Deluxe Edition,digimon_story_time_stranger_deluxe,L00115,7,2025-12,2026-06,"Alibaba, Heybox, Sonkwo",L00115=7p,False,
Digimon Story Time Stranger Ultimate Edition,digimon_story_time_stranger_ultimate,L00116,7,2025-12,2026-06,"Alibaba, Heybox, Sonkwo",L00116=7p,False,
Digimon Survive,digimon_survive,E05471,22,2024-08_2024-09,2026-06,"Alibaba, Heybox, Sonkwo",E05471=21p; E03730=1p,False,
Digimon World: Next Order,digimon_world_next_order,E04521,19,2024-08_2024-09,2026-06,"Alibaba, Heybox, Sonkwo",E04521=19p,False,
DORAEMON STORY OF SEASONS,doraemon_story_of_seasons,E03496,22,2024-08_2024-09,2026-06,"Alibaba, Heybox, Sonkwo",E03496=21p; E06163=1p,False,
DORAEMON STORY OF SEASONS: Friends of the Great Kingdom,doraemon_story_of_seasons_friends_of_the_great_kingdom,E05019,22,2024-08_2024-09,2026-06,"Alibaba, Heybox, Sonkwo",E05019=22p,False,
DORAEMON STORY OF SEASONS: Friends of the Great Kingdom Deluxe Edition,doraemon_story_of_seasons_friends_of_the_great_kingdom_deluxe,E05733,22,2024-08_2024-09,2026-06,"Alibaba, Heybox, Sonkwo",E05733=22p,False,
DRAGON BALL FighterZ,dragon_ball_fighterz,E02533,21,2024-08_2024-09,2026-06,"Alibaba, Heybox, Sonkwo",E02533=21p,False,
DRAGON BALL FighterZ - FighterZ Edition,dragon_ball_fighterz_fighterz,E02595,22,2024-08_2024-09,2026-06,"Alibaba, Heybox, Sonkwo",E02595=22p,False,
DRAGON BALL FighterZ - Legendary Edition,dragon_ball_fighterz_legendary,E02596,22,2024-08_2024-09,2026-06,"Alibaba, Heybox, Sonkwo",E02596=20p; E06163=2p; E03177=1p,True,competing_item_numbers
DRAGON BALL: Sparking! ZERO,dragon_ball_sparking_zero,E06127,20,2024-11,2026-06,"Alibaba, Heybox, Sonkwo",E06127=20p,False,
DRAGON BALL: Sparking! ZERO Deluxe Edition,dragon_ball_sparking_zero_deluxe,E06634,20,2024-11,2026-06,"Alibaba, Heybox, Sonkwo",E06634=20p,False,
DRAGON BALL: Sparking! ZERO Ultimate Edition,dragon_ball_sparking_zero_ultimate,E06655,20,2024-11,2026-06,"Alibaba, Heybox",E06655=20p,False,
DRAGON BALL: THE BREAKERS,dragon_ball_the_breakers,E05011,21,2024-08_2024-09,2026-06,"Alibaba, Heybox, Sonkwo",E05011=21p,False,
DRAGON BALL: THE BREAKERS Special Edition,dragon_ball_the_breakers_special,E05644,19,2024-08_2024-09,2026-06,"Alibaba, Heybox, Sonkwo",E05644=19p,False,
DRAGON BALL XENOVERSE 2,dragon_ball_xenoverse_2,E02035,22,2024-08_2024-09,2026-06,"Alibaba, Heybox, Sonkwo",E02035=22p,False,
DRAGON BALL XENOVERSE 2 Deluxe Edition,dragon_ball_xenoverse_2_deluxe,E02036,22,2024-08_2024-09,2026-06,"Alibaba, Heybox, Sonkwo",E02036=22p,False,
DRAGON BALL XENOVERSE 2 Special Edition,dragon_ball_xenoverse_2_special,E06308,22,2024-08_2024-09,2026-06,"Alibaba, Heybox, Sonkwo",E06308=20p; E05644=2p,True,competing_item_numbers
DRAGON BALL Z: KAKAROT,dragon_ball_z_kakarot,E03005,22,2024-08_2024-09,2026-06,"Alibaba, Heybox, Sonkwo",E03005=22p,False,
DRAGON BALL Z: KAKAROT - DAIMA EDITION,dragon_ball_z_kakarot_daima,L00113,7,2025-12,2026-06,"Heybox, Sonkwo",L00113=7p,False,
DRAGON BALL Z: KAKAROT Deluxe Edition,dragon_ball_z_kakarot_deluxe,E03730,21,2024-08_2024-09,2026-06,"Alibaba, Heybox, Sonkwo",E03730=21p,False,
DRAGON BALL Z: KAKAROT Legendary Edition,dragon_ball_z_kakarot_legendary,E06163,21,2024-08_2024-09,2026-06,"Alibaba, Heybox, Sonkwo",E06163=21p,False,
DRAGON BALL Z : KAKAROT - MASTER EDITION,dragon_ball_z_kakarot_master,L00114,7,2025-12,2026-06,"Heybox, Sonkwo",L00114=7p,False,
EVERYBODY'S GOLF HOT SHOTS,everybody_s_golf_hot_shots,L00036,8,2025-10,2026-06,"Heybox, Sonkwo",L00036=8p,True,shared_item_number
Everybody's Golf: Hotshots,everybody_s_golf_hotshots,L00036,12,2025-07,2026-06,Alibaba,L00036=12p,True,shared_item_number
FREEDOM WARS Remastered,freedom_wars_remastered,E06517,12,2025-07,2026-06,Alibaba,E06517=12p,False,
GOD EATER 2 Rage Burst,god_eater_2_rage_burst,E05369,21,2024-08_2024-09,2026-06,"Alibaba, Heybox, Sonkwo",E05369=21p,False,
GOD EATER 3,god_eater_3,E03177,19,2024-08_2024-09,2026-06,"Alibaba, Heybox, Sonkwo",E03177=19p,True,shared_item_number
God Eaters 3,god_eaters_3,E03177,1,2024-10,2024-10,,E03177=1p,True,shared_item_number
GUNDAM BREAKER 4,gundam_breaker_4,E04524,22,2024-08_2024-09,2026-06,"Alibaba, Heybox",E04524=22p,False,
GUNDAM BREAKER 4 Deluxe Edition,gundam_breaker_4_deluxe,E06529,22,2024-08_2024-09,2026-06,"Alibaba, Heybox",E06529=22p,False,
GUNDAM BREAKER 4 Ultimate Edition,gundam_breaker_4_ultimate,E06530,22,2024-08_2024-09,2026-06,"Alibaba, Heybox, Sonkwo",E06530=22p,False,
.hack//G.U. Last Recode,hack_g_u_last_recode,E05367,21,2024-08_2024-09,2026-06,"Alibaba, Heybox, Sonkwo",E05367=21p,False,
JoJo's Bizarre Adventure: All-Star Battle R,jojo_s_bizarre_adventure_all_star_battle_r,E03528,20,2024-08_2024-09,2026-06,"Alibaba, Heybox, Sonkwo",E03528=20p,False,
JoJo's Bizarre Adventure: All-Star Battle R Deluxe Edition,jojo_s_bizarre_adventure_all_star_battle_r_deluxe,E05524,22,2024-08_2024-09,2026-06,"Alibaba, Heybox, Sonkwo",E05524=22p,False,
JoJo's Bizarre Adventure: All-Star Battle R Ultimate Edition,jojo_s_bizarre_adventure_all_star_battle_r_ultimate,E06307,21,2024-08_2024-09,2026-06,"Alibaba, Heybox, Sonkwo",E06307=21p,False,
Jujutsu Kaisen Cursed Clash,jujutsu_kaisen_cursed_clash,E05703,20,2024-08_2024-09,2026-06,"Alibaba, Heybox, Sonkwo",E05703=20p,False,
Jujutsu Kaisen Cursed Clash Deluxe Edition,jujutsu_kaisen_cursed_clash_deluxe,E06213,19,2024-08_2024-09,2026-06,"Alibaba, Heybox, Sonkwo",E06213=18p; E03322=1p,False,
Jujutsu Kaisen Cursed Clash Ultimate Edition,jujutsu_kaisen_cursed_clash_ultimate,E06212,19,2024-08_2024-09,2026-06,"Alibaba, Heybox, Sonkwo",E06212=19p,False,
Klonoa Phantasy Reverie Series,klonoa_phantasy_reverie_series,E04522,21,2024-08_2024-09,2026-06,"Alibaba, Heybox, Sonkwo",E04522=21p,False,
Little Nightmares III,little_nightmares_iii,E05707,7,2025-12,2026-06,"Alibaba, Heybox, Sonkwo",E05707=7p,False,
Little Nightmares III Deluxe Edition,little_nightmares_iii_deluxe,L00119,7,2025-12,2026-06,"Alibaba, Heybox, Sonkwo",L00119=7p,False,
Little Nightmares VR: Altered Echoes,little_nightmares_vr_altered_echoes,L51736,1,2026-06,2026-06,Heybox,L51736=1p,False,
MOBILE SUIT GUNDAM SEED BATTLE DESTINY REMASTERED,mobile_suit_gundam_seed_battle_destiny_remastered,E06942,14,2025-05,2026-06,"Alibaba, Heybox, Sonkwo",E06942=14p,False,
NARUTO SHIPPUDEN: Ultimate Ninja STORM 2,naruto_shippuden_ultimate_ninja_storm_2,E05373,17,2024-08_2024-09,2026-06,"Alibaba, Heybox, Sonkwo",E05373=17p,False,
NARUTO SHIPPUDEN: Ultimate Ninja STORM 4,naruto_shippuden_ultimate_ninja_storm_4,E01592,22,2024-08_2024-09,2026-06,"Alibaba, Heybox, Sonkwo",E01592=22p,False,
NARUTO SHIPPUDEN: Ultimate Ninja STORM 4 Road to Boruto,naruto_shippuden_ultimate_ninja_storm_4_road_to_boruto,E04555,22,2024-08_2024-09,2026-06,"Alibaba, Heybox, Sonkwo",E04555=22p,False,
NARUTO SHIPPUDEN: Ultimate Ninja STORM Legacy,naruto_shippuden_ultimate_ninja_storm_legacy,E05371,22,2024-08_2024-09,2026-06,"Alibaba, Heybox, Sonkwo",E05371=22p,False,
NARUTO SHIPPUDEN: Ultimate Ninja STORM Trilogy,naruto_shippuden_ultimate_ninja_storm_trilogy,E05387,20,2024-08_2024-09,2026-06,"Alibaba, Heybox, Sonkwo",E05387=20p; L30800=1p,False,
NARUTO TO BORUTO: SHINOBI STRIKER,naruto_to_boruto_shinobi_striker,E02855,21,2024-08_2024-09,2026-06,"Alibaba, Heybox, Sonkwo",E02855=20p; E01572=1p; E01927=1p,False,
NARUTO TO BORUTO: SHINOBI STRIKER Deluxe Edition,naruto_to_boruto_shinobi_striker_deluxe,E02942,20,2024-08_2024-09,2026-06,"Alibaba, Heybox, Sonkwo",E02942=20p,False,
NARUTO TO BORUTO: SHINOBI STRIKER Ultimate Edition,naruto_to_boruto_shinobi_striker_ultimate,E06292,21,2024-08_2024-09,2026-06,"Alibaba, Heybox, Sonkwo",E06292=21p,False,
NARUTO: Ultimate Ninja STORM,naruto_ultimate_ninja_storm,E05386,20,2024-08_2024-09,2026-06,"Alibaba, Heybox, Sonkwo",E05386=20p,False,
NARUTO X BORUTO Ultimate Ninja STORM CONNECTIONS,naruto_x_boruto_ultimate_ninja_storm_connections,E03049,22,2024-08_2024-09,2026-06,"Alibaba, Heybox, Sonkwo",E03049=22p,False,
NARUTO X BORUTO Ultimate Ninja STORM CONNECTIONS Deluxe Edition,naruto_x_boruto_ultimate_ninja_storm_connections_deluxe,E06164,22,2024-08_2024-09,2026-06,"Alibaba, Heybox, Sonkwo",E06164=22p,False,
NARUTO X BORUTO Ultimate Ninja STORM CONNECTIONS Ultimate Edition,naruto_x_boruto_ultimate_ninja_storm_connections_ultimate,E06165,22,2024-08_2024-09,2026-06,"Alibaba, Heybox, Sonkwo",E06165=22p; E06212=1p,False,
New Gundam Breaker,new_gundam_breaker,E02758,19,2024-08_2024-09,2026-06,"Alibaba, Heybox, Sonkwo",E02758=19p,False,
Once Upon A KATAMARI,once_upon_a_katamari,E06970,7,2025-12,2026-06,Heybox,E06970=7p,False,
Once Upon A KATAMARI - King of All Sounds Edition,once_upon_a_katamari_king_of_all_sounds,L00120,6,2025-12,2026-06,"Heybox, Sonkwo",L00120=6p,False,
ONE PIECE BURNING BLOOD,one_piece_burning_blood,E01970,19,2024-08_2024-09,2026-06,"Alibaba, Heybox, Sonkwo",E01970=19p,False,
ONE PIECE BURNING BLOOD GOLD Edition,one_piece_burning_blood_gold,E05642,22,2024-08_2024-09,2026-06,"Alibaba, Heybox, Sonkwo",E05642=22p,False,
ONE PIECE ODYSSEY,one_piece_odyssey,E05083,20,2024-08_2024-09,2026-06,"Alibaba, Heybox",E05083=20p,False,
ONE PIECE ODYSSEY Deluxe Edition,one_piece_odyssey_deluxe,E05788,20,2024-08_2024-09,2026-06,"Alibaba, Heybox, Sonkwo",E05788=20p,False,
ONE PIECE: PIRATE WARRIORS 4,one_piece_pirate_warriors_4,E02973,21,2024-08_2024-09,2026-06,"Alibaba, Heybox, Sonkwo",E02973=20p; E05387=2p; E04727=1p,True,competing_item_numbers
ONE PIECE: PIRATE WARRIORS 4 Deluxe Edition,one_piece_pirate_warriors_4_deluxe,E03825,22,2024-08_2024-09,2026-06,"Alibaba, Heybox, Sonkwo",E03825=22p; E02942=1p,False,
ONE PIECE: PIRATE WARRIORS 4 Legendary Edition,one_piece_pirate_warriors_4_legendary,L00434,6,2026-01,2026-06,"Heybox, Sonkwo",L00434=6p,False,
ONE PIECE: PIRATE WARRIORS 4 Ultimate Edition,one_piece_pirate_warriors_4_ultimate,E06098,22,2024-08_2024-09,2026-06,"Alibaba, Heybox, Sonkwo",E06098=22p,False,
ONE PIECE WORLD SEEKER,one_piece_world_seeker,E03295,20,2024-08_2024-09,2026-06,"Alibaba, Heybox, Sonkwo",E03295=20p,False,
ONE PIECE WORLD SEEKER Deluxe Edition,one_piece_world_seeker_deluxe,E03367,20,2024-08_2024-09,2026-06,"Alibaba, Heybox, Sonkwo",E03367=20p,False,
ONE PUNCH MAN: A HERO NOBODY KNOWS,one_punch_man_a_hero_nobody_knows,E02997,22,2024-08_2024-09,2026-06,"Alibaba, Heybox, Sonkwo",E02997=21p; E02985=1p; E06970=1p,False,
PAC-MAN Mega Tunnel Battle: Chomp Champs,pac_man_mega_tunnel_battle_chomp_champs,E06649,16,2025-03,2026-06,"Alibaba, Heybox, Sonkwo",E06649=16p,False,
PAC-MAN Mega Tunnel Battle: Chomp Champs - Deluxe Edition,pac_man_mega_tunnel_battle_chomp_champs_deluxe,E06652,17,2025-01,2026-06,"Alibaba, Heybox, Sonkwo",E06652=17p,False,
PAC-MAN WORLD 2 Re-PAC,pac_man_world_2_re_pac,E06971,2,2026-03,2026-06,"Heybox, Sonkwo",E06971=2p,False,
PAC-MAN WORLD 2 Re-PAC Deluxe Edition,pac_man_world_2_re_pac_deluxe,L00118,2,2026-03,2026-06,"Heybox, Sonkwo",L00118=2p; L42484=1p,False,
Park Beyond,park_beyond,E04538,15,2024-08_2024-09,2026-06,"Alibaba, Heybox",E04538=15p,False,
PATAPON 1+2 REPLAY,patapon_1_2_replay,E06134,12,2025-07,2026-06,"Alibaba, Heybox, Sonkwo",E06134=12p,False,
SAND LAND,sand_land,E06114,21,2024-08_2024-09,2026-06,"Alibaba, Heybox, Sonkwo",E06114=21p,False,
SAND LAND Deluxe Edition,sand_land_deluxe,E06272,21,2024-08_2024-09,2026-06,"Alibaba, Heybox, Sonkwo",E06272=21p,False,
SCARLET NEXUS,scarlet_nexus,E03557,22,2024-08_2024-09,2026-06,"Alibaba, Heybox, Sonkwo",E03557=21p; E02985=1p,False,
SCARLET NEXUS Deluxe Edition,scarlet_nexus_deluxe,E04727,21,2024-08_2024-09,2026-06,"Alibaba, Heybox, Sonkwo",E04727=19p; E02758=2p; L11104=1p,True,competing_item_numbers
SCARLET NEXUS Ultimate Edition,scarlet_nexus_ultimate,E05643,22,2024-08_2024-09,2026-06,"Alibaba, Heybox, Sonkwo",E05643=22p,False,
SD GUNDAM BATTLE ALLIANCE,sd_gundam_battle_alliance,E03559,21,2024-08_2024-09,2026-06,"Alibaba, Heybox, Sonkwo",E03559=21p,False,
SD GUNDAM BATTLE ALLIANCE - Deluxe Edition,sd_gundam_battle_alliance_deluxe,E05472,22,2024-08_2024-09,2026-06,"Alibaba, Heybox, Sonkwo",E05472=22p,False,
SD GUNDAM G GENERATION CROSS RAY,sd_gundam_g_generation_cross_ray,E02985,4,2024-08_2024-09,2026-04,Heybox,E02985=4p,True,shared_item_number
SD GUNDAM G GENERATION CROSS RAY Platinum Edition,sd_gundam_g_generation_cross_ray_platinum,E06306,3,2024-08_2024-09,2026-04,Heybox,E06306=3p,True,shared_item_number
SD GUNDAM G GENERATION CROSS RAYS,sd_gundam_g_generation_cross_rays,E02985,19,2024-12,2026-06,"Alibaba, Heybox, Sonkwo",E02985=19p; L09296=1p,True,shared_item_number
SD GUNDAM G GENERATION CROSS RAYS Platinum Edition,sd_gundam_g_generation_cross_rays_platinum,E06306,21,2024-10,2026-06,"Alibaba, Heybox, Sonkwo",E06306=21p; L30793=1p,True,shared_item_number
Shadow Labyrinth,shadow_labyrinth,E06972,12,2025-07,2026-06,"Alibaba, Heybox, Sonkwo",E06972=12p,False,
Shadow Labyrinth - Deluxe Edition,shadow_labyrinth_deluxe,L00032,12,2025-07,2026-06,"Alibaba, Heybox, Sonkwo",L00032=12p,False,
SOULCALIBUR VI,soulcalibur_vi,E02875,22,2024-08_2024-09,2026-06,"Alibaba, Heybox, Sonkwo",E02875=22p,False,
SOULCALIBUR VI Deluxe Edition,soulcalibur_vi_deluxe,E03123,21,2024-08_2024-09,2026-06,"Alibaba, Heybox, Sonkwo",E03123=21p,False,
SPY×ANYA: Operation Memories,spy_anya_operation_memories,E05697,21,2024-08_2024-09,2026-06,"Alibaba, Heybox, Sonkwo",E05697=21p,False,
SPY×ANYA: Operation Memories Deluxe Edition,spy_anya_operation_memories_deluxe,E06533,19,2024-08_2024-09,2026-06,"Alibaba, Heybox, Sonkwo",E06533=19p,False,
Super Robot Wars 30,super_robot_wars_30,E04508,22,2024-08_2024-09,2026-06,"Alibaba, Heybox, Sonkwo",E04508=22p,False,
Super Robot Wars 30 Digital Deluxe Edition,super_robot_wars_30_deluxe,E05097,22,2024-08_2024-09,2026-06,"Alibaba, Heybox, Sonkwo",E05097=22p,False,
Super Robot Wars 30 Ultimate Edition,super_robot_wars_30_ultimate,E05098,22,2024-08_2024-09,2026-06,"Alibaba, Heybox, Sonkwo",E05098=21p; E03954=1p,False,
SUPER ROBOT WARS X,super_robot_wars_x,E03632,22,2024-08_2024-09,2026-06,"Alibaba, Heybox, Sonkwo",E03632=22p,False,
SUPER ROBOT WARS Y,super_robot_wars_y,L00033,12,2025-07,2026-06,"Alibaba, Heybox, Sonkwo",L00033=12p,False,
SUPER ROBOT WARS Y Deluxe Edition,super_robot_wars_y_deluxe,L00034,12,2025-07,2026-06,"Alibaba, Heybox, Sonkwo",L00034=12p,False,
SUPER ROBOT WARS Y - Expansion Pack,super_robot_wars_y_expansion_pack,L52098,1,2026-06,2026-06,"Heybox, Sonkwo",L52098=1p,False,
SUPER ROBOT WARS Y Ultimate Edition,super_robot_wars_y_ultimate,L00035,12,2025-07,2026-06,"Alibaba, Heybox, Sonkwo",L00035=12p,False,
SWORD ART ONLINE Alicization Lycoris,sword_art_online_alicization_lycoris,E03060,22,2024-08_2024-09,2026-06,"Alibaba, Heybox, Sonkwo",E03060=22p,False,
SWORD ART ONLINE Alicization Lycoris Deluxe Edition,sword_art_online_alicization_lycoris_deluxe,E03954,21,2024-08_2024-09,2026-06,"Alibaba, Heybox, Sonkwo",E03954=21p; L10000=1p,False,
Sword Art Online: Fatal Bullet,sword_art_online_fatal_bullet,E02540,22,2024-08_2024-09,2026-06,"Alibaba, Heybox, Sonkwo",E02540=22p,False,
Sword Art Online: Fatal Bullet - Complete Edition,sword_art_online_fatal_bullet_complete,E03322,20,2024-08_2024-09,2026-06,"Alibaba, Heybox, Sonkwo",E03322=20p,False,
SWORD ART ONLINE Fractured Daydream,sword_art_online_fractured_daydream,E06120,22,2024-08_2024-09,2026-06,"Alibaba, Heybox, Sonkwo",E06120=22p; E06652=1p,False,
SWORD ART ONLINE Fractured Daydream Deluxe Edition,sword_art_online_fractured_daydream_deluxe,E06531,22,2024-08_2024-09,2026-06,"Alibaba, Heybox, Sonkwo",E06531=22p; E06272=1p,False,
SWORD ART ONLINE Fractured Daydream Premium Edition,sword_art_online_fractured_daydream_premium,E06532,22,2024-08_2024-09,2026-06,"Alibaba, Heybox, Sonkwo",E06532=22p; E03322=1p,False,
Sword Art Online: Hollow Realization Deluxe Edition,sword_art_online_hollow_realization_deluxe,E02310,21,2024-08_2024-09,2026-06,"Alibaba, Heybox, Sonkwo",E02310=21p,False,
SWORD ART ONLINE Last Recollection,sword_art_online_last_recollection,E05687,21,2024-08_2024-09,2026-06,"Alibaba, Heybox, Sonkwo",E05687=21p,False,
SWORD ART ONLINE Last Recollection Deluxe Edition,sword_art_online_last_recollection_deluxe,E06096,22,2024-08_2024-09,2026-06,"Alibaba, Heybox, Sonkwo",E06096=22p,False,
Sword Art Online: Lost Song,sword_art_online_lost_song,E05372,22,2024-08_2024-09,2026-06,"Alibaba, Heybox, Sonkwo",E05372=22p,False,
SYNDUALITY Echo of Ada,synduality_echo_of_ada,E05693,18,2025-01,2026-06,"Alibaba, Heybox, Sonkwo",E05693=18p,False,
SYNDUALITY Echo of Ada Deluxe Edition,synduality_echo_of_ada_deluxe,E06636,17,2024-12,2026-06,"Alibaba, Heybox, Sonkwo",E06636=17p,False,
SYNDUALITY Echo of Ada Ultimate Edition,synduality_echo_of_ada_ultimate,E06637,17,2025-01,2026-06,"Alibaba, Heybox, Sonkwo",E06637=17p,False,
Taiko no Tatsujin: Rhythm Festival,taiko_no_tatsujin_rhythm_festival,E06129,19,2024-12,2026-06,"Alibaba, Heybox, Sonkwo",E06129=19p,False,
Taiko no Tatsujin: Rhythm Festival The Setlist Edition,taiko_no_tatsujin_rhythm_festival_the_setlist,E06635,19,2024-12,2026-06,"Alibaba, Heybox, Sonkwo",E06635=19p,False,
Tales of Arise,tales_of_arise,E03024,22,2024-08_2024-09,2026-06,"Alibaba, Heybox, Sonkwo",E03024=22p,False,
Tales of Arise - Beyond the Dawn Edition,tales_of_arise_beyond_the_dawn,E06160,22,2024-08_2024-09,2026-06,"Alibaba, Heybox, Sonkwo",E06160=22p,False,
Tales of Arise - Beyond the Dawn Deluxe Edition,tales_of_arise_beyond_the_dawn_deluxe,E06161,22,2024-08_2024-09,2026-06,"Alibaba, Heybox, Sonkwo",E06161=22p,False,
Tales of Arise - Beyond the Dawn Expansion,tales_of_arise_beyond_the_dawn_expansion,E06168,22,2024-08_2024-09,2026-06,"Alibaba, Heybox, Sonkwo",E06168=22p,False,
Tales of Arise - Beyond the Dawn Ultimate Edition,tales_of_arise_beyond_the_dawn_ultimate,E06162,22,2024-08_2024-09,2026-06,"Alibaba, Heybox, Sonkwo",E06162=20p; E06168=2p,True,competing_item_numbers
Tales of Berseria,tales_of_berseria,E02174,19,2024-08_2024-09,2026-06,"Alibaba, Heybox, Sonkwo",E02174=19p,False,
Tales of Berseria Remastered,tales_of_berseria_remastered,L00438,5,2026-02,2026-06,Heybox,L00438=5p,False,
Tales of Berseria Remastered Deluxe Edition,tales_of_berseria_remastered_deluxe,L00439,5,2026-02,2026-06,Heybox,L00439=5p,False,
Tales of Graces f Remastered,tales_of_graces_f_remastered,E06381,18,2025-01,2026-06,"Alibaba, Heybox, Sonkwo",E06381=18p,False,
Tales of Graces f Remastered Deluxe Edition,tales_of_graces_f_remastered_deluxe,E06689,16,2025-01,2026-06,"Alibaba, Heybox, Sonkwo",E06689=16p,False,
Tales of Vesperia: Definitive Edition,tales_of_vesperia_definitive,E03191,21,2024-08_2024-09,2026-06,"Alibaba, Heybox, Sonkwo",E03191=21p,False,
Tales of Xillia Remastered,tales_of_xillia_remastered,E06124,7,2025-12,2026-06,"Heybox, Sonkwo",E06124=7p,False,
Tales of Xillia Remastered Deluxe Edition,tales_of_xillia_remastered_deluxe,L00231,7,2025-12,2026-06,"Heybox, Sonkwo",L00231=7p,False,
Tales of Zestiria,tales_of_zestiria,E01607,22,2024-08_2024-09,2026-06,"Alibaba, Heybox, Sonkwo",E01607=22p,False,
TEKKEN 7,tekken_7,E02278,22,2024-08_2024-09,2026-06,"Alibaba, Heybox, Sonkwo",E02278=22p,False,
TEKKEN 7 - Originals Edition,tekken_7_originals,E05647,22,2024-08_2024-09,2026-06,"Alibaba, Heybox, Sonkwo",E05647=22p,False,
TEKKEN 8,tekken_8,E05700,22,2024-08_2024-09,2026-06,"Alibaba, Heybox, Sonkwo",E05700=22p,False,
TEKKEN 8 Advanced Edition,tekken_8_advanced,L00129,7,2025-12,2026-06,"Heybox, Sonkwo",L00129=7p,False,
TEKKEN 8 Deluxe Edition,tekken_8_deluxe,E06226,20,2024-08_2024-09,2026-06,Alibaba,E06226=20p; E06227=3p,True,competing_item_numbers
TEKKEN 8 Season 2 Deluxe Edition,tekken_8_season_2_deluxe,L00111,7,2025-12,2026-06,"Heybox, Sonkwo",L00111=7p,False,
TEKKEN 8 Season 2 Ultimate Edition,tekken_8_season_2_ultimate,L00112,7,2025-12,2026-06,"Heybox, Sonkwo",L00112=7p,False,
TEKKEN 8 - Ultimate Edition,tekken_8_ultimate,E06227,20,2024-08_2024-09,2026-06,Alibaba,E06227=20p; E06534=1p,False,
That Time I Got Reincarnated as a Slime ISEKAI Chronicles,that_time_i_got_reincarnated_as_a_slime_isekai_chronicles,E03566,18,2024-08_2024-09,2026-06,"Alibaba, Heybox",E03566=18p,False,
That Time I Got Reincarnated as a Slime ISEKAI Chronicles Deluxe Edition,that_time_i_got_reincarnated_as_a_slime_isekai_chronicles_deluxe,E06534,19,2024-08_2024-09,2026-06,"Alibaba, Heybox, Sonkwo",E06534=19p,False,
THE IDOLM@STER STARLIT SEASON,the_idolm_ster_starlit_season,E03045,21,2024-10,2026-06,"Alibaba, Heybox, Sonkwo",E03045=21p,True,shared_item_number
THE IDOLM@STER STARLIT SEASON Digital Deluxe Edition,the_idolm_ster_starlit_season_deluxe,E05096,21,2024-10,2026-06,"Alibaba, Heybox, Sonkwo",E05096=21p,True,shared_item_number
THE IDOLMASTER STARLIT SEASON,the_idolmaster_starlit_season,E03045,3,2024-08_2024-09,2026-04,Heybox,E03045=3p,True,shared_item_number
THE IDOLMASTER STARLIT SEASON Deluxe Edition,the_idolmaster_starlit_season_deluxe,E05096,3,2024-08_2024-09,2026-04,Heybox,E05096=3p,True,shared_item_number
Towa and the Guardians of the Sacred Tree,towa_and_the_guardians_of_the_sacred_tree,E06936,7,2025-12,2026-06,"Alibaba, Heybox, Sonkwo",E06936=7p,False,
Towa and the Guardians of the Sacred Tree Deluxe Edition,towa_and_the_guardians_of_the_sacred_tree_deluxe,L00117,7,2025-12,2026-06,"Alibaba, Heybox, Sonkwo",L00117=7p; E06936=1p,False,
We Love Katamari REROLL+ Royal Reverie,we_love_katamari_reroll_royal_reverie,E05071,21,2024-08_2024-09,2026-06,"Alibaba, Heybox, Sonkwo",E05071=21p,False,
We Love Katamari REROLL+ Royal Reverie Special Edition,we_love_katamari_reroll_royal_reverie_special,E06305,22,2024-08_2024-09,2026-06,"Alibaba, Heybox, Sonkwo",E06305=22p,False,
