Normalized Name,Product Name,Item Number,paxCode,label,match_status
ace_combat_7_skies_unknown_top_gun_maverick_ultimate,ACE COMBAT™ 7: SKIES UNKNOWN - TOP GUN: Maverick Ultimate Edition,E05444,,,distinct_only
armored_core_vi_fires_of_rubicon_standard,ARMORED CORE VI FIRES OF RUBICON Standard Edition,E05837,,,distinct_only
bleach_rebirth_of_souls_deluxe,BLEACH Rebirth of Souls Deluxe Edition,E06690,,,distinct_only
bleach_rebirth_of_souls_ultimate,BLEACH Rebirth of Souls Ultimate Edition,E06691,,,distinct_only
death_note_killer_within,DEATH NOTE Killer Within,E06643,,,distinct_only
death_note_killer_within_special,DEATH NOTE Killer Within Special Edition,E06646,,,distinct_only
doraemon_story_of_seasons_friends_of_the_great_kingdom_deluxe,DORAEMON STORY OF SEASONS: Friends of the Great Kingdom Deluxe Edition,E05733,,,distinct_only
dragon_ball_xenoverse_2_special,DRAGON BALL XENOVERSE 2 Special Edition,E06308,,,distinct_only
dragon_ball_z_kakarot_master,DRAGON BALL Z : KAKAROT - MASTER EDITION,L00114,,,distinct_only
everybody_s_golf_hotshots,Everybody's Golf: Hotshots,L00036,,,distinct_only
god_eaters_3,God Eaters 3,E03177,,,distinct_only
little_nightmares_iii_deluxe_pre_order,Little Nightmares III Deluxe Edition (pre-order),L00119,,,distinct_only
little_nightmares_iii_digital_deluxe,Little Nightmares III Digital Deluxe Edition,L00119,,,distinct_only
little_nightmares_iii_pre_order,Little Nightmares III (pre-order),E05707,,,distinct_only
naruto_to_boruto_shinobi_striker_ultimate,NARUTO TO BORUTO: SHINOBI STRIKER Ultimate Edition,E06292,,,distinct_only
naruto_x_boruto_ultimate_ninja_storm_connections_deluxe,NARUTO X BORUTO Ultimate Ninja STORM CONNECTIONS Deluxe Edition,E06164,,,distinct_only
naruto_x_boruto_ultimate_ninja_storm_connections_ultimate,NARUTO X BORUTO Ultimate Ninja STORM CONNECTIONS Ultimate Edition,E06165,,,distinct_only
once_upon_a_katamari_king_of_all_sounds,Once Upon A KATAMARI - King of All Sounds Edition,L00120,,,distinct_only
one_piece_pirate_warriors_4_legendary,ONE PIECE: PIRATE WARRIORS 4 Legendary Edition,L00434,,,distinct_only
one_piece_pirate_warriors_4_ultimate,ONE PIECE: PIRATE WARRIORS 4 Ultimate Edition,E06098,,,distinct_only
pac_man_mega_tunnel_battle_chomp_champs_deluxe,PAC-MAN Mega Tunnel Battle: Chomp Champs - Deluxe Edition,E06652,,,distinct_only
pac_man_world_2_re_pac_deluxe,PAC-MAN WORLD 2 Re-PAC Deluxe Edition,L00118,,,distinct_only
pre_purchase_little_nightmares_iii_deluxe_pre_order,Pre-Purchase Little Nightmares III Deluxe Edition Pre-Order,L00119,,,distinct_only
pre_purchase_little_nightmares_iii_pre_order,Pre-Purchase Little Nightmares III Pre-Order,E05707,,,distinct_only
sand_land_deluxe,SAND LAND Deluxe Edition,E06272,,,distinct_only
scarlet_nexus_ultimate,SCARLET NEXUS Ultimate Edition,E05643,,,distinct_only
sd_gundam_battle_alliance_deluxe,SD GUNDAM BATTLE ALLIANCE - Deluxe Edition,E05472,,,distinct_only
sd_gundam_g_generation_cross_ray,SD GUNDAM G GENERATION CROSS RAY,E02985,,,distinct_only
sd_gundam_g_generation_cross_ray_platinum,SD GUNDAM G GENERATION CROSS RAY Platinum Edition,E06306,,,distinct_only
sd_gundam_g_generation_cross_rays_platinum,SD GUNDAM G GENERATION CROSS RAYS Platinum Edition,E06306,,,distinct_only
shadow_labyrinth_deluxe,Shadow Labyrinth - Deluxe Edition,L00032,,,distinct_only
spy_anya_operation_memories,SPY×ANYA: Operation Memories,E05697,,,distinct_only
spy_anya_operation_memories_deluxe,SPY×ANYA: Operation Memories Deluxe Edition,E06533,,,distinct_only
super_robot_wars_30_digital_deluxe,Super Robot Wars 30 Digital Deluxe Edition,E05097,,,distinct_only
sword_art_online_fractured_daydream_deluxe,SWORD ART ONLINE Fractured Daydream Deluxe Edition,E06531,,,distinct_only
sword_art_online_fractured_daydream_premium,SWORD ART ONLINE Fractured Daydream Premium Edition,E06532,,,distinct_only
synduality_echo_of_ada_ultimate,SYNDUALITY Echo of Ada Ultimate Edition,E06637,,,distinct_only
taiko_no_tatsujin_rhythm_festival,Taiko no Tatsujin: Rhythm Festival,E06129,,,distinct_only
taiko_no_tatsujin_rhythm_festival_the_setlist,Taiko no Tatsujin: Rhythm Festival The Setlist Edition,E06635,,,distinct_only
tales_of_arise_beyond_the_dawn,Tales of Arise - Beyond the Dawn Edition,E06160,,,distinct_only
tales_of_arise_beyond_the_dawn_deluxe,Tales of Arise - Beyond the Dawn Deluxe Edition,E06161,,,distinct_only
tales_of_arise_beyond_the_dawn_ultimate,Tales of Arise - Beyond the Dawn Ultimate Edition,E06162,,,distinct_only
tales_of_berseria_remastered_deluxe,Tales of Berseria Remastered Deluxe Edition,L00439,,,distinct_only
tales_of_graces_f_remastered_deluxe,Tales of Graces f Remastered Deluxe Edition,E06689,,,distinct_only
tekken_8_advanced,TEKKEN 8 Advanced Edition,L00129,,,distinct_only
tekken_8_season_2_deluxe,TEKKEN 8 Season 2 Deluxe Edition,L00111,,,distinct_only
tekken_8_season_2_ultimate,TEKKEN 8 Season 2 Ultimate Edition,L00112,,,distinct_only
that_time_i_got_reincarnated_as_a_slime_isekai_chronicles_deluxe,That Time I Got Reincarnated as a Slime ISEKAI Chronicles Deluxe Edition,E06534,,,distinct_only
that_time_i_got_reincarnated_as_a_slime_isekai_chronicles_digital_deluxe,That Time I Got Reincarnated as a Slime ISEKAI Chronicles Digital Deluxe Edition,E06534,,,distinct_only
the_idolm_ster_starlit_season,THE IDOLM@STER STARLIT SEASON,E03045,,,distinct_only
the_idolm_ster_starlit_season_digital_deluxe,THE IDOLM@STER STARLIT SEASON Digital Deluxe Edition,E05096,,,distinct_only
the_idolmaster_starlit_season,THE IDOLMASTER STARLIT SEASON,E03045,,,distinct_only
the_idolmaster_starlit_season_deluxe,THE IDOLMASTER STARLIT SEASON Deluxe Edition,E05096,,,distinct_only
towa_and_the_guardians_of_the_sacred_tree_deluxe,Towa and the Guardians of the Sacred Tree Deluxe Edition,L00117,,,distinct_only
we_love_katamari_reroll_royal_reverie_special,We Love Katamari REROLL+ Royal Reverie Special Edition,E06305,,,distinct_only
11_11_memories_retold,,,PAX0009838002,11-11 Memories Retold,bandai_only
11_11_memories_retold,,,PAX0011615896,11-11 Memories Retold,bandai_only
11_11_memories_retold,,,PAX0014311212,11-11 Memories Retold,bandai_only
ace_combat_7_skies_unknown_deluxe,,,PAX0009943572,Ace Combat 7: Skies Unknown (Deluxe Edition),bandai_only
ace_combat_7_skies_unknown_season_pass,,,PAX0009965366,Ace Combat 7: Skies Unknown Season Pass (DLC),bandai_only
ace_combat_7_skies_unknown_season_pass,,,PAX0010432186,Ace Combat 7: Skies Unknown Season Pass (DLC),bandai_only
ace_combat_7_skies_unknown_top_gun_maverick_aircraft_set,,,PAX0013456622,Ace Combat 7: Skies Unknown - Top Gun: Maverick Aircraft Set (DLC),bandai_only
ace_combat_8_wings_of_theve,,,PAX0015391392,Ace Combat 8: Wings Of Theve,bandai_only
ace_combat_assault_horizon_enhanced,,,PAX0006212072,Ace Combat Assault Horizon (Enhanced Edition),bandai_only
arcade_game_series_3_in_1_pack,,,PAX0011537730,Arcade Game Series: 3 in 1 Pack,bandai_only
bandai_namco_coin_3000_yen_japan_account_only,,,PAX0013064568,Bandai Namco Coin 3000 Yen | Japan Account Only,bandai_only
beware_planet_earth,,,PAX0011492340,Beware Planet Earth!,bandai_only
billion_road,,,PAX0011587608,Billion Road,bandai_only
black_clover_quartet_knights_season_pass,,,PAX0010123194,Black Clover: Quartet Knights - Season Pass (DLC),bandai_only
boost,,,PAX0011037828,Boost,bandai_only
captain_tsubasa_rise_of_a_new_champions,,,PAX0011233736,Captain Tsubasa: Rise of a New Champions,bandai_only
captain_tsubasa_rise_of_new_champions_character_pass,,,PAX0010877960,Captain Tsubasa: Rise of New Champions Character Pass (DLC),bandai_only
captain_tsubasa_rise_of_new_champions_character_pass,,,PAX0011229894,Captain Tsubasa: Rise of New Champions - Character Pass (DLC),bandai_only
code_vein_season_pass,,,PAX0010361364,Code Vein Season Pass (DLC),bandai_only
code_vein_season_pass,,,PAX0010620750,Code Vein: Season Pass (DLC),bandai_only
code_vein_season_pass,,,PAX0011528686,Code Vein: Season Pass (DLC),bandai_only
dark_souls_ii,,,PAX0006208060,Dark Souls II,bandai_only
dark_souls_ii,,,PAX0006979894,Dark Souls II,bandai_only
dark_souls_ii_black_armour,,,PAX0006208094,Dark Souls II (Black Armour Edition),bandai_only
dark_souls_ii_black_armour,,,PAX0007029602,Dark Souls II (Black Armour Edition) (DLC),bandai_only
dark_souls_ii_bundle,,,PAX0010373604,Dark Souls II Bundle,bandai_only
dark_souls_ii_crown_of_the_sunken_king,,,PAX0014667464,Dark Souls II: Crown of the Sunken King (DLC),bandai_only
dark_souls_ii_season_pass,,,PAX0006962588,Dark Souls II: Season Pass (DLC),bandai_only
dark_souls_ii_season_pass,,,PAX0011326488,Dark Souls II: Season Pass (DLC),bandai_only
dark_souls_iii_ashes_of_ariandel,,,PAX0010163654,Dark Souls III: Ashes of Ariandel (DLC),bandai_only
dark_souls_iii_ashes_of_ariandel,,,PAX0011764782,Dark Souls III: Ashes of Ariandel (DLC),bandai_only
dark_souls_iii_the_fire_fades,,,PAX0008834696,Dark Souls III (The Fire Fades Edition),bandai_only
dark_souls_iii_the_ringed_city,,,PAX0010163688,Dark Souls III: The Ringed City (DLC),bandai_only
dark_souls_iii_the_ringed_city,,,PAX0010382818,Dark Souls III: The Ringed City (DLC),bandai_only
dark_souls_iii_the_ringed_city,,,PAX0012031750,Dark Souls III: The Ringed City (DLC),bandai_only
dark_souls_prepare_to_die,,,PAX0005145560,Dark Souls (Prepare to Die Edition),bandai_only
dark_souls_prepare_to_die,,,PAX0014667634,Dark Souls (Prepare to Die Edition),bandai_only
deadcore,,,PAX0009876184,DeadCore,bandai_only
deadcore,,,PAX0011050068,DeadCore,bandai_only
disney_magical_world_2_enchanted,,,PAX0015819350,Disney Magical World 2: Enchanted Edition,bandai_only
dragon_ball_fighterz_daima_pack,,,PAX0015775422,Dragon Ball FighterZ - Daima Pack (DLC),bandai_only
dragon_ball_fighterz_fighterz_pass,,,PAX0009501062,Dragon Ball FighterZ: FighterZ Pass (DLC),bandai_only
dragon_ball_fighterz_fighterz_pass_2,,,PAX0009957308,Dragon Ball FighterZ: FighterZ Pass 2 (DLC),bandai_only
dragon_ball_fighterz_fighterz_pass_2,,,PAX0011476836,Dragon Ball FighterZ: FighterZ Pass 2 (DLC),bandai_only
dragon_ball_fighterz_fighterz_pass_3,,,PAX0010607966,Dragon Ball FighterZ: FighterZ Pass 3 (DLC),bandai_only
dragon_ball_fighterz_ultimate,,,PAX0009410962,Dragon Ball FighterZ (Ultimate Edition),bandai_only
dragon_ball_fighterz_ultimate,,,PAX0011461978,Dragon Ball FighterZ (Ultimate Edition),bandai_only
dragon_ball_fighterz_ultimate,,,PAX0011909554,Dragon Ball FighterZ (Ultimate Edition),bandai_only
dragon_ball_gekishin_squadra,,,PAX0015099706,Dragon Ball Gekishin Squadra,bandai_only
dragon_ball_gekishin_squadra,,,PAX0015099774,Dragon Ball Gekishin Squadra,bandai_only
dragon_ball_heroes_ultimate_mission_x,,,PAX0009162694,Dragon Ball Heroes Ultimate Mission X,bandai_only
dragon_ball_xenoverse,,,PAX0006851476,Dragon Ball: Xenoverse,bandai_only
dragon_ball_xenoverse,,,PAX0006974080,Dragon Ball: Xenoverse,bandai_only
dragon_ball_xenoverse,,,PAX0010515622,Dragon Ball: Xenoverse,bandai_only
dragon_ball_xenoverse_2_extra_pass,,,PAX0009974580,Dragon Ball: Xenoverse 2 - Extra Pass (DLC),bandai_only
dragon_ball_xenoverse_2_extra_pass,,,PAX0011489654,Dragon Ball: Xenoverse 2 - Extra Pass (DLC),bandai_only
dragon_ball_xenoverse_2_future_sage_chapter_1,,,PAX0014580832,Dragon Ball Xenoverse 2: Future Sage Chapter 1 (DLC),bandai_only
dragon_ball_xenoverse_2_hero_of_justice_pack_1,,,PAX0013468930,Dragon Ball Xenoverse 2: Hero of Justice Pack 1 (DLC),bandai_only
dragon_ball_xenoverse_2_hero_of_justice_pack_2,,,PAX0013469304,Dragon Ball Xenoverse 2: Hero of Justice Pack 2 (DLC),bandai_only
dragon_ball_xenoverse_2_hero_of_justice_pack_set,,,PAX0013468760,Dragon Ball Xenoverse 2: Hero of Justice Pack Set (DLC),bandai_only
dragon_ball_xenoverse_2_legendary_pack_1,,,PAX0013555528,Dragon Ball: Xenoverse 2 - Legendary Pack 1 (DLC),bandai_only
dragon_ball_xenoverse_2_legendary_pack_2,,,PAX0013555562,Dragon Ball: Xenoverse 2 - Legendary Pack 2 (DLC),bandai_only
dragon_ball_xenoverse_2_legendary_pack_set,,,PAX0013555596,Dragon Ball: Xenoverse 2 - Legendary Pack Set (DLC),bandai_only
dragon_ball_xenoverse_2_season_pass,,,PAX0009620742,Dragon Ball: Xenoverse 2 Season Pass (DLC),bandai_only
dragon_ball_xenoverse_2_season_pass,,,PAX0015494208,Dragon Ball: Xenoverse 2 Season Pass (DLC),bandai_only
dragon_ball_xenoverse_2_super_pass,,,PAX0010254468,Dragon Ball Xenoverse 2: Super Pass (DLC),bandai_only
dragon_ball_xenoverse_2_super_pass,,,PAX0010515826,Dragon Ball: Xenoverse 2 - Super Pass (DLC),bandai_only
dragon_ball_xenoverse_2_super_pass,,,PAX0011365316,Dragon Ball Xenoverse 2: Super Pass (DLC),bandai_only
dragon_ball_xenoverse_2_super_pass,,,PAX0011920978,Dragon Ball Xenoverse 2: Super Pass (DLC),bandai_only
dragon_ball_xenoverse_2_ultra_pack_set,,,PAX0010214790,Dragon Ball: Xenoverse 2 - Ultra Pack Set (DLC),bandai_only
dragon_ball_xenoverse_2_ultra_pack_set,,,PAX0011416112,Dragon Ball: Xenoverse 2 - Ultra Pack Set (DLC),bandai_only
dragon_ball_xenoverse_bundle,,,PAX0009688062,Dragon Ball Xenoverse (Bundle Edition),bandai_only
dragon_ball_xenoverse_gt_pack_1,,,PAX0011334240,Dragon Ball Xenoverse GT Pack 1 (DLC),bandai_only
dragon_ball_xenoverse_season_pass,,,PAX0008568034,Dragon Ball: Xenoverse Season Pass (DLC),bandai_only
dragon_ball_xenoverse_season_pass,,,PAX0010515690,Dragon Ball: Xenoverse Season Pass (DLC),bandai_only
dragon_ball_xenoverse_season_pass,,,PAX0011176038,Dragon Ball: Xenoverse Season Pass (DLC),bandai_only
dragon_ball_xenoverse_season_pass,,,PAX0011201402,Dragon Ball: Xenoverse Season Pass (DLC),bandai_only
dragon_ball_xenoverse_super_bundle,,,PAX0011527632,Dragon Ball: Xenoverse Super Bundle,bandai_only
dragon_ball_xenoverse_super_bundle,,,PAX0012793894,Dragon Ball: Xenoverse Super Bundle,bandai_only
dragon_ball_z_dokkan_battle,,,PAX0009345580,Dragon Ball Z Dokkan Battle,bandai_only
dragon_ball_z_dokkan_battle,,,PAX0009345614,Dragon Ball Z Dokkan Battle,bandai_only
dragon_ball_z_kakarot_a_new_power_awakens_set_steam,,,PAX0011417506,Dragon Ball Z: Kakarot - A New Power Awakens Set steam (DLC),bandai_only
dragon_ball_z_kakarot_season_pass,,,PAX0010519362,Dragon Ball Z: Kakarot Season Pass (DLC),bandai_only
dragon_ball_z_kakarot_season_pass,,,PAX0015493868,Dragon Ball Z: Kakarot Season Pass (DLC),bandai_only
dragon_ball_z_kakarot_ultimate,,,PAX0010521640,Dragon Ball Z: Kakarot (Ultimate Edition),bandai_only
dragon_ball_z_kakarot_ultimate,,,PAX0011530148,Dragon Ball Z: Kakarot (Ultimate Edition),bandai_only
dragon_ball_z_kakarot_ultimate,,,PAX0011550956,Dragon Ball Z: Kakarot (Ultimate Edition),bandai_only
elden_ring,,,PAX0012074590,Elden Ring,bandai_only
elden_ring,,,PAX0012117022,Elden Ring,bandai_only
elden_ring,,,PAX0012146534,Elden Ring,bandai_only
elden_ring,,,PAX0012573438,Elden Ring,bandai_only
elden_ring,,,PAX0013212740,Elden Ring,bandai_only
elden_ring,,,PAX0013886212,Elden Ring,bandai_only
elden_ring,,,PAX0013900526,Elden Ring,bandai_only
elden_ring_deluxe,,,PAX0012087952,Elden Ring (Deluxe Edition),bandai_only
elden_ring_deluxe,,,PAX0012122734,Elden Ring (Deluxe Edition),bandai_only
elden_ring_deluxe,,,PAX0012123652,Elden Ring (Deluxe Edition),bandai_only
elden_ring_deluxe,,,PAX0012793044,Elden Ring (Deluxe Edition),bandai_only
elden_ring_deluxe,,,PAX0013400964,Elden Ring (Deluxe Edition),bandai_only
elden_ring_nightreign,,,PAX0014523814,Elden Ring Nightreign,bandai_only
elden_ring_nightreign,,,PAX0015239922,Elden Ring Nightreign,bandai_only
elden_ring_shadow_of_the_erdtree,,,PAX0013587216,Elden Ring Shadow of the Erdtree (DLC),bandai_only
elden_ring_shadow_of_the_erdtree,,,PAX0013587284,Elden Ring Shadow of the Erdtree (DLC),bandai_only
elden_ring_shadow_of_the_erdtree,,,PAX0013587318,Elden Ring Shadow of the Erdtree (DLC),bandai_only
elden_ring_shadow_of_the_erdtree,,,PAX0013610676,Elden Ring Shadow of the Erdtree Edition,bandai_only
elden_ring_shadow_of_the_erdtree,,,PAX0013789652,Elden Ring Shadow of the Erdtree (DLC),bandai_only
elden_ring_shadow_of_the_erdtree,,,PAX0013791590,Elden Ring Shadow of the Erdtree (DLC),bandai_only
enslaved_odyssey_to_the_west_premium,,,PAX0006355620,Enslaved: Odyssey to the West (Premium Edition),bandai_only
fast_furious_crossroads,,,PAX0010850420,Fast & Furious Crossroads,bandai_only
fast_furious_crossroads,,,PAX0012071904,Fast & Furious Crossroads,bandai_only
fast_furious_crossroads_deluxe,,,PAX0010850454,Fast & Furious Crossroads (Deluxe Edition),bandai_only
fast_furious_crossroads_season_pass,,,PAX0010850488,Fast & Furious Crossroads Season Pass (DLC),bandai_only
freedom_wars_remastered_contribution,,,PAX0014737980,Freedom Wars Remastered (Contribution Edition),bandai_only
get_even,,,PAX0008956994,Get Even,bandai_only
get_even,,,PAX0010393392,Get Even,bandai_only
get_even,,,PAX0010445650,Get Even,bandai_only
get_even,,,PAX0011354674,Get Even,bandai_only
get_even,,,PAX0011354742,Get Even,bandai_only
get_even,,,PAX0011755500,Get Even,bandai_only
grid_2_limited,,,PAX0007244210,Grid 2 - Limited Edition,bandai_only
grid_2_limited,,,PAX0007677030,Grid 2 - Limited Edition,bandai_only
hexodius,,,PAX0011063158,Hexodius,bandai_only
idolm_ster_cinderella_girls_starlight_stage,,,PAX0009345104,Idolm@ster Cinderella Girls Starlight Stage,bandai_only
idolm_ster_cinderella_girls_starlight_stage,,,PAX0009345172,Idolm@ster Cinderella Girls Starlight Stage,bandai_only
impact_winter,,,PAX0010119352,Impact Winter,bandai_only
jump_force,,,PAX0009956628,Jump Force,bandai_only
jump_force,,,PAX0010526978,Jump Force,bandai_only
jump_force,,,PAX0011150674,Jump Force,bandai_only
jump_force,,,PAX0011480372,Jump Force,bandai_only
jump_force,,,PAX0011521682,Jump Force,bandai_only
jump_force_character_pass,,,PAX0011077744,Jump Force: Character Pass (DLC),bandai_only
jump_force_character_pass_2,,,PAX0011312446,Jump Force: Character Pass 2 (DLC),bandai_only
jump_force_characters_pass,,,PAX0010423822,Jump Force: Characters Pass (DLC),bandai_only
jump_force_characters_pass,,,PAX0011489042,Jump Force: Characters Pass (DLC),bandai_only
jump_force_deluxe,,,PAX0010393018,Jump Force (Deluxe Edition),bandai_only
jump_force_deluxe,,,PAX0011474422,Jump Force (Deluxe Edition),bandai_only
jump_force_ultimate,,,PAX0009973220,Jump Force (Ultimate Edition),bandai_only
jump_force_ultimate,,,PAX0011218844,Jump Force (Ultimate Edition),bandai_only
katamari_damacy_reroll,,,PAX0009879278,Katamari Damacy REROLL,bandai_only
katamari_damacy_reroll,,,PAX0011812280,Katamari Damacy Reroll,bandai_only
katamari_damacy_reroll,,,PAX0015831522,Katamari Damacy Reroll,bandai_only
little_nightmares,,,PAX0008822048,Little Nightmares,bandai_only
little_nightmares,,,PAX0011183892,Little Nightmares,bandai_only
little_nightmares,,,PAX0011656288,Little Nightmares,bandai_only
little_nightmares_complete,,,PAX0009662018,Little Nightmares (Complete Edition),bandai_only
little_nightmares_complete,,,PAX0011812382,Little Nightmares (Complete Edition),bandai_only
little_nightmares_i_ii,,,PAX0014432728,Little Nightmares I & II,bandai_only
little_nightmares_i_ii_bundle,,,PAX0015260322,Little Nightmares I & II Bundle,bandai_only
little_nightmares_ii,,,PAX0011207386,Little Nightmares II,bandai_only
little_nightmares_ii,,,PAX0011254782,Little Nightmares II,bandai_only
little_nightmares_ii,,,PAX0011254884,Little Nightmares II,bandai_only
little_nightmares_ii,,,PAX0013542336,Little Nightmares II,bandai_only
little_nightmares_ii,,,PAX0014371086,Little Nightmares II,bandai_only
little_nightmares_ii,,,PAX0014432660,Little Nightmares II,bandai_only
little_nightmares_ii_deluxe,,,PAX0011207420,Little Nightmares II (Deluxe Edition),bandai_only
little_nightmares_ii_deluxe,,,PAX0011254918,Little Nightmares II (Deluxe Edition),bandai_only
little_nightmares_secrets_of_the_maw,,,PAX0010250558,Little Nightmares: Secrets of The Maw (DLC),bandai_only
little_nightmares_secrets_of_the_maw,,,PAX0011322374,Little Nightmares: Secrets of The Maw (DLC),bandai_only
little_nightmares_secrets_of_the_maw_expansion_pass,,,PAX0011201674,Little Nightmares: Secrets of The Maw - Expansion Pass (DLC),bandai_only
little_nightmares_secrets_of_the_maw_expansion_pass,,,PAX0015827612,Little Nightmares: Secrets of The Maw Expansion Pass (DLC),bandai_only
little_nightmares_vr_altered_echoes,,,PAX0015766480,Little Nightmares VR: Altered Echoes,bandai_only
little_witch_academia_chamber_of_time,,,PAX0008968486,Little Witch Academia: Chamber of Time,bandai_only
little_witch_academia_chamber_of_time,,,PAX0008968554,Little Witch Academia: Chamber of Time,bandai_only
little_witch_academia_chamber_of_time,,,PAX0009870370,Little Witch Academia: Chamber of Time,bandai_only
little_witch_academia_chamber_of_time,,,PAX0011370926,Little Witch Academia: Chamber of Time,bandai_only
mr_driller_drillland,,,PAX0010797890,Mr. DRILLER DrillLand,bandai_only
mud_fim_motocross_world_championship,,,PAX0011482038,Mud: FIM Motocross World Championship,bandai_only
my_hero_academia_all_s_justice,,,PAX0014903186,My Hero Academia: All’s Justice,bandai_only
my_hero_one_s_justice,,,PAX0009966896,My Hero One's Justice,bandai_only
my_hero_one_s_justice,,,PAX0010401552,My Hero One's Justice,bandai_only
my_hero_one_s_justice,,,PAX0011485302,My Hero One's Justice,bandai_only
my_hero_one_s_justice,,,PAX0011551228,My Hero One's Justice,bandai_only
my_hero_one_s_justice,,,PAX0011551942,My Hero One's Justice,bandai_only
my_hero_one_s_justice,,,PAX0012311128,My Hero One's Justice,bandai_only
my_hero_one_s_justice_2,,,PAX0010831006,My Hero One's Justice 2,bandai_only
my_hero_one_s_justice_2_deluxe,,,PAX0010831040,My Hero One's Justice 2 (Deluxe Edition),bandai_only
my_hero_one_s_justice_2_deluxe,,,PAX0011356272,My Hero One's Justice 2 (Deluxe Edition),bandai_only
my_hero_one_s_justice_2_deluxe,,,PAX0015826558,My Hero One's Justice 2 (Deluxe Edition),bandai_only
my_hero_one_s_justice_2_season_pass,,,PAX0010831210,My Hero One's Justice 2 Season Pass (DLC),bandai_only
namco_museum_archives_vol_2,,,PAX0011734760,Namco Museum Archives Vol 2,bandai_only
namco_museum_archives_volume_1,,,PAX0011233974,Namco Museum Archives Volume 1,bandai_only
namco_museum_archives_volume_1,,,PAX0011374224,Namco Museum Archives Volume 1,bandai_only
namco_museum_archives_volume_2,,,PAX0011234110,Namco Museum Archives Volume 2,bandai_only
naruto_shippuden_ultimate_ninja_storm_3_full_burst,,,PAX0005558388,Naruto Shippuden: Ultimate Ninja Storm 3 Full Burst,bandai_only
naruto_shippuden_ultimate_ninja_storm_3_full_burst,,,PAX0006085660,Naruto Shippuden: Ultimate Ninja Storm 3 Full Burst,bandai_only
naruto_shippuden_ultimate_ninja_storm_3_full_burst,,,PAX0012985416,Naruto Shippuden: Ultimate Ninja Storm 3 Full Burst,bandai_only
naruto_shippuden_ultimate_ninja_storm_4_deluxe,,,PAX0008030460,Naruto Shippuden: Ultimate Ninja Storm 4 (Deluxe Edition),bandai_only
naruto_shippuden_ultimate_ninja_storm_4_season_pass,,,PAX0008039436,Naruto Shippuden: Ultimate Ninja Storm 4 Season Pass (DLC),bandai_only
naruto_shippuden_ultimate_ninja_storm_4_season_pass,,,PAX0011087230,Naruto Shippuden: Ultimate Ninja Storm 4 Season Pass (DLC),bandai_only
naruto_shippuden_ultimate_ninja_storm_4_season_pass,,,PAX0011545074,Naruto Shippuden: Ultimate Ninja Storm 4 Season Pass (DLC),bandai_only
naruto_shippuden_ultimate_ninja_storm_revolution,,,PAX0006976630,Naruto Shippuden: Ultimate Ninja Storm Revolution,bandai_only
naruto_shippuden_ultimate_ninja_storm_revolution,,,PAX0011446984,Naruto Shippuden: Ultimate Ninja Storm Revolution,bandai_only
naruto_shippuden_ultimate_ninja_storm_revolution,,,PAX0012884402,Naruto Shippuden: Ultimate Ninja Storm Revolution,bandai_only
naruto_storm_4_road_to_boruto_expansion,,,PAX0010567132,NARUTO STORM 4: Road to Boruto Expansion (DLC),bandai_only
naruto_storm_4_road_to_boruto_expansion,,,PAX0012983648,Naruto Storm 4: Road to Boruto Expansion (DLC),bandai_only
naruto_to_boruto_shinobi_striker_season_pass,,,PAX0009735696,Naruto to Boruto: Shinobi Striker Season Pass (DLC),bandai_only
naruto_to_boruto_shinobi_striker_season_pass,,,PAX0010556728,Naruto to Boruto: Shinobi Striker  Season Pass (DLC),bandai_only
naruto_to_boruto_shinobi_striker_season_pass_2,,,PAX0010850522,Naruto to Boruto: Shinobi Striker Season Pass 2 (DLC),bandai_only
naruto_to_boruto_shinobi_striker_season_pass_3,,,PAX0010850556,Naruto to Boruto: Shinobi Striker Season Pass 3 (DLC),bandai_only
naruto_to_boruto_shinobi_striker_season_pass_4,,,PAX0012551304,Naruto To Boruto: Shinobi Striker Season Pass 4,bandai_only
ni_no_kuni_ii_revenant_kingdom,,,PAX0009348266,Ni no Kuni II: Revenant Kingdom,bandai_only
ni_no_kuni_ii_revenant_kingdom,,,PAX0009392228,Ni no Kuni II: Revenant Kingdom,bandai_only
ni_no_kuni_ii_revenant_kingdom,,,PAX0011015694,Ni No Kuni II: Revenant Kingdom,bandai_only
ni_no_kuni_ii_revenant_kingdom,,,PAX0011239006,Ni no Kuni II: Revenant Kingdom,bandai_only
ni_no_kuni_ii_revenant_kingdom,,,PAX0011333050,Ni no Kuni II: Revenant Kingdom,bandai_only
ni_no_kuni_ii_revenant_kingdom,,,PAX0012314154,Ni no Kuni II: Revenant Kingdom,bandai_only
ni_no_kuni_ii_revenant_kingdom_season_pass,,,PAX0010124146,Ni No Kuni II: Revenant Kingdom Season Pass (DLC),bandai_only
ni_no_kuni_ii_revenant_kingdom_the_prince_s,,,PAX0011015762,Ni no Kuni II: Revenant Kingdom (The Prince's Edition),bandai_only
ni_no_kuni_ii_revenant_kingdom_the_prince_s,,,PAX0012319390,Ni no Kuni II: Revenant Kingdom (The Prince's Edition),bandai_only
ni_no_kuni_ii_revenant_kingdom_the_prince_s,,,PAX0015825402,Ni no Kuni II: Revenant Kingdom (The Prince's Edition),bandai_only
ni_no_kuni_ii_the_prince_s,,,PAX0009831474,Ni No Kuni II (The Prince's Edition),bandai_only
ni_no_kuni_wrath_of_the_white_witch,,,PAX0014945890,Ni No Kuni: Wrath Of The White Witch,bandai_only
ni_no_kuni_wrath_of_the_white_witch_remastered,,,PAX0010347560,Ni no Kuni: Wrath of the White Witch Remastered,bandai_only
ni_no_kuni_wrath_of_the_white_witch_remastered,,,PAX0011268178,Ni no Kuni: Wrath of the White Witch Remastered,bandai_only
ni_no_kuni_wrath_of_the_white_witch_remastered,,,PAX0014403726,Ni no Kuni: Wrath of the White Witch Remastered,bandai_only
one_piece_burning_blood_gold_pack,,,PAX0010567200,One Piece Burning Blood Gold Pack (DLC),bandai_only
one_piece_grand_cruise,,,PAX0009529316,One Piece: Grand Cruise,bandai_only
one_piece_pirate_warriors_3,,,PAX0009402020,One Piece Pirate Warriors 3,bandai_only
one_piece_pirate_warriors_3,,,PAX0011772500,One Piece Pirate Warriors 3,bandai_only
one_piece_pirate_warriors_3,,,PAX0012513802,One Piece Pirate Warriors 3,bandai_only
one_piece_pirate_warriors_3_deluxe,,,PAX0010401246,One Piece: Pirate Warriors 3 (Deluxe Edition),bandai_only
one_piece_pirate_warriors_3_gold,,,PAX0009402122,One Piece Pirate Warriors 3 (Gold Edition),bandai_only
one_piece_pirate_warriors_3_gold,,,PAX0011314860,One Piece Pirate Warriors 3 (Gold Edition),bandai_only
one_piece_pirate_warriors_3_pack_2,,,PAX0010567268,One Piece Pirate Warriors 3 Pack 2 (DLC),bandai_only
one_piece_pirate_warriors_3_story_pack,,,PAX0009402258,One Piece Pirate Warriors 3 Story Pack (DLC),bandai_only
one_piece_pirate_warriors_3_story_pack,,,PAX0011453036,One Piece Pirate Warriors 3 Story Pack (DLC),bandai_only
one_piece_pirate_warriors_3_story_pack,,,PAX0013163610,One Piece Pirate Warriors 3 Story Pack (DLC),bandai_only
one_piece_pirate_warriors_4_character_pass,,,PAX0010640538,One Piece: Pirate Warriors 4 - Character Pass (DLC),bandai_only
one_piece_treasure_cruise,,,PAX0009345376,ONE PIECE Treasure Cruise,bandai_only
one_piece_treasure_cruise,,,PAX0009345444,ONE PIECE Treasure Cruise,bandai_only
one_piece_unlimited_world_red_deluxe,,,PAX0010351164,One Piece: Unlimited World Red - Deluxe Edition,bandai_only
one_piece_unlimited_world_red_deluxe,,,PAX0011060064,One Piece: Unlimited World Red (Deluxe Edition),bandai_only
one_piece_unlimited_world_red_deluxe,,,PAX0012042630,One Piece: Unlimited World Red (Deluxe Edition),bandai_only
one_piece_world_seeker_episode_pass,,,PAX0010488082,One Piece: World Seeker - Episode Pass (DLC),bandai_only
one_punch_man_a_hero_nobody_knows_character_pass,,,PAX0011441850,One Punch Man: A Hero Nobody Knows - Character Pass (DLC),bandai_only
one_punch_man_a_hero_nobody_knows_deluxe,,,PAX0011220306,One Punch Man: A Hero Nobody Knows (Deluxe Edition),bandai_only
one_punch_man_a_hero_nobody_knows_deluxe,,,PAX0012041508,One Punch Man: A Hero Nobody Knows (Deluxe Edition),bandai_only
one_punch_man_a_hero_nobody_knows_deluxe,,,PAX0013554066,One Punch Man: A Hero Nobody Knows (Deluxe Edition),bandai_only
pac_man_256,,,PAX0011627354,Pac-Man 256,bandai_only
pac_man_256,,,PAX0014568320,Pac-Man 256,bandai_only
pac_man_championship_dx,,,PAX0013013670,Pac-Man Championship Edition DX+,bandai_only
pac_man_championship_dx_all_you_can_eat,,,PAX0006604772,Pac-Man Championship Edition DX+ All You Can Eat Edition,bandai_only
pac_man_championship_dx_all_you_can_eat_pack,,,PAX0010983938,Pac-Man Championship Edition DX: All You can Eat Pack (DLC),bandai_only
pac_man_world_re_pac,,,PAX0012423736,Pac-Man World Re-Pac,bandai_only
pac_man_world_re_pac,,,PAX0014369488,Pac-Man World Re-Pac,bandai_only
platformines,,,PAX0011204496,Platformines,bandai_only
professional_lumberjack_2015,,,PAX0014344566,Professional Lumberjack 2015,bandai_only
project_cars,,,PAX0006960446,Project Cars,bandai_only
project_cars,,,PAX0007647892,Project Cars,bandai_only
project_cars,,,PAX0011340360,Project Cars,bandai_only
project_cars,,,PAX0011733026,Project Cars,bandai_only
project_cars_2,,,PAX0009106118,Project CARS 2,bandai_only
project_cars_2,,,PAX0010942390,Project CARS 2,bandai_only
project_cars_2,,,PAX0011112662,Project Cars 2,bandai_only
project_cars_2,,,PAX0011393332,Project Cars 2,bandai_only
project_cars_2,,,PAX0011515188,Project Cars 2,bandai_only
project_cars_2,,,PAX0011909384,Project Cars 2,bandai_only
project_cars_2_deluxe,,,PAX0009802234,Project Cars 2 (Deluxe Edition),bandai_only
project_cars_2_deluxe,,,PAX0011210956,Project Cars 2 (Deluxe Edition),bandai_only
project_cars_2_deluxe,,,PAX0011229078,Project Cars 2 (Deluxe Edition),bandai_only
project_cars_2_deluxe,,,PAX0011612496,Project Cars 2 (Deluxe Edition),bandai_only
project_cars_2_japanese_bonus_cars_pack,,,PAX0011330092,Project Cars 2: Japanese Bonus Cars Pack (DLC),bandai_only
project_cars_2_japanese_cars_bonus_pack,,,PAX0009230728,Project CARS 2 Japanese Cars Bonus Pack (DLC),bandai_only
project_cars_2_japanese_cars_bonus_pack,,,PAX0011241386,Project Cars 2: Japanese Cars Bonus Pack (DLC),bandai_only
project_cars_2_season_pass,,,PAX0009789960,Project Cars 2 Season Pass (DLC),bandai_only
project_cars_2_season_pass,,,PAX0011522022,Project Cars 2 Season Pass (DLC),bandai_only
project_cars_2_season_pass,,,PAX0011531066,Project Cars 2 Season Pass (DLC),bandai_only
project_cars_3,,,PAX0010850046,Project Cars 3,bandai_only
project_cars_3,,,PAX0010850386,Project CARS 3,bandai_only
project_cars_3,,,PAX0011280214,Project Cars 3,bandai_only
project_cars_3_season_pass,,,PAX0010878402,Project Cars 3 Season Pass (DLC),bandai_only
project_cars_digital,,,PAX0009286284,Project Cars (Digital Edition),bandai_only
project_cars_digital,,,PAX0011228024,Project Cars (Digital Edition),bandai_only
project_cars_game_of_the_year,,,PAX0008056402,Project Cars (Game of the Year Edition),bandai_only
project_cars_game_of_the_year,,,PAX0011627830,Project Cars (Game of the Year Edition),bandai_only
project_cars_modified_car_pack,,,PAX0011315778,Project Cars: Modified Car Pack (DLC),bandai_only
rad,,,PAX0010283674,RAD,bandai_only
rad,,,PAX0010593414,Rad,bandai_only
rad,,,PAX0011497746,RAD,bandai_only
rad,,,PAX0011498188,RAD,bandai_only
rad,,,PAX0011526510,Rad,bandai_only
ridge_racer_unbounded,,,PAX0009434694,Ridge Racer Unbounded,bandai_only
ridge_racer_unbounded_bundle,,,PAX0011254034,Ridge Racer Unbounded Bundle,bandai_only
ridge_racer_unbounded_bundle,,,PAX0011357292,Ridge Racer Unbounded Bundle,bandai_only
ridge_racer_unbounded_limited,,,PAX0007780560,Ridge Racer: Unbounded Limited Edition,bandai_only
saint_seiya_soldiers_soul,,,PAX0007110284,Saint Seiya: Soldiers' Soul,bandai_only
saint_seiya_soldiers_soul,,,PAX0011813300,Saint Seiya: Soldiers' Soul,bandai_only
scarlet_nexus_weapon_bundle,,,PAX0012521486,Scarlet Nexus: Weapon Bundle (DLC),bandai_only
sd_gundam_g_generation_cross_rays_season_pass,,,PAX0011917170,SD Gundam G Generation Cross Rays: Season Pass (DLC),bandai_only
soulcalibur_vi_season_pass,,,PAX0010367484,Soulcalibur VI Season Pass (DLC),bandai_only
soulcalibur_vi_season_pass,,,PAX0011792832,Soulcalibur VI Season Pass (DLC),bandai_only
soulcalibur_vi_season_pass_2,,,PAX0013791930,Soulcalibur VI: Season Pass 2 (DLC),bandai_only
spy_x_anya_operation_memories,,,PAX0013837558,Spy x Anya: Operation Memories,bandai_only
star_trek_the_video_game,,,PAX0006986218,Star Trek The Video Game,bandai_only
super_dragon_ball_heroes_world_mission,,,PAX0010018678,Super Dragon Ball Heroes: World Mission,bandai_only
super_dragon_ball_heroes_world_mission,,,PAX0013555630,Super Dragon Ball Heroes: World Mission,bandai_only
super_dragon_ball_heroes_world_mission,,,PAX0015802418,Super Dragon Ball Heroes: World Mission,bandai_only
super_robot_wars_v,,,PAX0011599644,Super Robot Wars V,bandai_only
sword_art_online_fatal_bullet_deluxe,,,PAX0010702350,Sword Art Online: Fatal Bullet (Deluxe Edition),bandai_only
sword_art_online_fatal_bullet_season_pass,,,PAX0009455706,Sword Art Online: Fatal Bullet - Season Pass (DLC),bandai_only
sword_art_online_integral_factor,,,PAX0009345274,Sword Art Online Integral Factor,bandai_only
sword_art_online_integral_factor,,,PAX0009345342,Sword Art Online Integral Factor,bandai_only
sword_art_online_last_recollection_premium_pass,,,PAX0014233828,Sword Art Online: Last Recollection - Premium Pass (DLC),bandai_only
sword_art_online_re_hollow_fragment,,,PAX0010425964,Sword Art Online Re: Hollow Fragment,bandai_only
sword_art_online_re_hollow_fragment,,,PAX0011795926,Sword Art Online Re: Hollow Fragment,bandai_only
taiko_no_tatsujin_rhythmic_adventure_2,,,PAX0014400836,Taiko no Tatsujin: Rhythmic Adventure 2,bandai_only
tales_of_arise_deluxe,,,PAX0011823670,Tales of Arise (Deluxe Edition),bandai_only
tales_of_arise_ultimate,,,PAX0011827682,Tales of Arise (Ultimate Edition),bandai_only
tales_of_symphonia,,,PAX0009370672,Tales of Symphonia,bandai_only
tales_of_symphonia,,,PAX0011764306,Tales of Symphonia,bandai_only
tales_of_xillia_remastered_deluxe_upgrade_pack,,,PAX0015714324,Tales of Xillia Remastered - Deluxe Upgrade Pack (DLC),bandai_only
tekken_6,,,PAX0010552342,Tekken 6,bandai_only
tekken_7_day_1,,,PAX0008920546,Tekken 7 (Day 1 Edition) (DLC),bandai_only
tekken_7_definitive,,,PAX0012535698,Tekken 7 (Definitive Edition),bandai_only
tekken_7_deluxe,,,PAX0009557400,Tekken 7 (Deluxe Edition),bandai_only
tekken_7_eliza,,,PAX0011525218,Tekken 7: Eliza (DLC),bandai_only
tekken_7_rematch,,,PAX0010286360,Tekken 7 (Rematch Edition),bandai_only
tekken_7_season_pass,,,PAX0010286462,Tekken 7 Season Pass (DLC),bandai_only
tekken_7_season_pass,,,PAX0010552240,Tekken 7 Season Pass (DLC),bandai_only
tekken_7_season_pass,,,PAX0011723132,Tekken 7 Season Pass (DLC),bandai_only
tekken_7_season_pass,,,PAX0012112024,Tekken 7 Season Pass (DLC),bandai_only
tekken_7_season_pass_2,,,PAX0009778502,Tekken 7 Season Pass 2 (DLC),bandai_only
tekken_7_season_pass_2,,,PAX0011353722,Tekken 7 Season Pass 2 (DLC),bandai_only
tekken_7_season_pass_2,,,PAX0011493326,Tekken 7 Season Pass 2 (DLC),bandai_only
tekken_7_season_pass_2,,,PAX0011688622,Tekken 7 Season Pass 2 (DLC),bandai_only
tekken_7_season_pass_3,,,PAX0010344364,Tekken 7 Season Pass 3 (DLC),bandai_only
tekken_7_season_pass_4,,,PAX0011042010,Tekken 7 Season Pass 4 (DLC),bandai_only
tekken_7_ultimate,,,PAX0010036494,Tekken 7 (Ultimate Edition),bandai_only
tekken_7_ultimate,,,PAX0011216770,Tekken 7 (Ultimate Edition),bandai_only
tekken_7_ultimate,,,PAX0011291060,Tekken 7 (Ultimate Edition),bandai_only
tekken_7_ultimate,,,PAX0011443788,Tekken 7 (Ultimate Edition),bandai_only
tekken_7_ultimate,,,PAX0011910030,Tekken 7 (Ultimate Edition),bandai_only
the_blood_of_dawnwalker,,,PAX0014784968,The Blood of Dawnwalker,bandai_only
the_blood_of_dawnwalker,,,PAX0014785070,The Blood of Dawnwalker,bandai_only
the_blood_of_dawnwalker,,,PAX0014894142,The Blood of Dawnwalker,bandai_only
the_dark_pictures_anthology_house_of_ashes,,,PAX0011885346,The Dark Pictures Anthology: House of Ashes,bandai_only
the_dark_pictures_anthology_little_hope,,,PAX0011102666,The Dark Pictures Anthology: Little Hope,bandai_only
the_dark_pictures_anthology_little_hope,,,PAX0011216498,The Dark Pictures Anthology: Little Hope,bandai_only
the_dark_pictures_anthology_little_hope,,,PAX0011229452,The Dark Pictures Anthology: Little Hope,bandai_only
the_dark_pictures_anthology_man_of_medan,,,PAX0010212308,The Dark Pictures Anthology: Man of Medan,bandai_only
the_dark_pictures_anthology_man_of_medan,,,PAX0011494516,The Dark Pictures Anthology: Man of Medan,bandai_only
the_dark_pictures_anthology_man_of_medan,,,PAX0011528482,The Dark Pictures Anthology: Man of Medan,bandai_only
the_dark_pictures_anthology_man_of_medan,,,PAX0012040862,The Dark Pictures Anthology: Man of Medan,bandai_only
the_dark_pictures_anthology_season_one,,,PAX0015755362,The Dark Pictures Anthology: Season One,bandai_only
the_dark_pictures_anthology_the_devil_in_me,,,PAX0012574356,The Dark Pictures Anthology: The Devil in Me,bandai_only
the_dark_pictures_anthology_the_devil_in_me,,,PAX0012986062,The Dark Pictures Anthology: The Devil in Me,bandai_only
the_dark_pictures_little_hope,,,PAX0010982544,The Dark Pictures: Little Hope,bandai_only
the_dark_pictures_triple_pack,,,PAX0012347984,The Dark Pictures Triple Pack,bandai_only
tokyo_ghoul_re_call_to_exist,,,PAX0010440312,Tokyo Ghoul:re [Call to Exist],bandai_only
twin_mirror,,,PAX0011222856,Twin Mirror,bandai_only
unknown_9_awakening,,,PAX0013765784,Unknown 9: Awakening,bandai_only
unknown_9_awakening,,,PAX0013765818,Unknown 9: Awakening,bandai_only
unknown_9_awakening,,,PAX0013765852,Unknown 9: Awakening,bandai_only
unknown_9_awakening,,,PAX0014206152,Unknown 9: Awakening,bandai_only
accel_world_vs_sword_art_online_deluxe,Accel World VS. Sword Art Online Deluxe Edition,E02452,PAX0009526222,Accel World Vs. Sword Art Online (Deluxe Edition),matched
accel_world_vs_sword_art_online_deluxe,Accel World VS. Sword Art Online Deluxe Edition,E02452,PAX0010948476,Accel World Vs. Sword Art Online (Deluxe Edition),matched
accel_world_vs_sword_art_online_deluxe,Accel World VS. Sword Art Online Deluxe Edition,E02452,PAX0011267056,Accel World Vs. Sword Art Online (Deluxe Edition),matched
ace_combat_7_skies_unknown,ACE COMBAT 7: SKIES UNKNOWN,E03174,PAX0009836302,Ace Combat 7: Skies Unknown,matched
ace_combat_7_skies_unknown,ACE COMBAT 7: SKIES UNKNOWN,E03174,PAX0009942008,Ace Combat 7: Skies Unknown,matched
ace_combat_7_skies_unknown,ACE COMBAT 7: SKIES UNKNOWN,E03174,PAX0011528312,Ace Combat 7: Skies Unknown,matched
ace_combat_7_skies_unknown,ACE COMBAT 7: SKIES UNKNOWN,E03174,PAX0012109542,Ace Combat 7: Skies Unknown,matched
ace_combat_7_skies_unknown_top_gun_maverick,ACE COMBAT™ 7: SKIES UNKNOWN - TOP GUN: Maverick Edition,E05445,PAX0012537704,Ace Combat 7: Skies Unknown - Top Gun: Maverick Edition,matched
armored_core_vi_fires_of_rubicon,ARMORED CORE VI FIRES OF RUBICON,E05837,PAX0013073340,Armored Core VI: Fires Of Rubicon,matched
armored_core_vi_fires_of_rubicon,ARMORED CORE VI FIRES OF RUBICON,E05837,PAX0013073374,Armored Core VI: Fires Of Rubicon,matched
armored_core_vi_fires_of_rubicon,ARMORED CORE VI FIRES OF RUBICON,E05837,PAX0013077488,Armored Core VI: Fires Of Rubicon,matched
armored_core_vi_fires_of_rubicon_deluxe,ARMORED CORE VI FIRES OF RUBICON Deluxe Edition,E05838,PAX0013069260,Armored Core VI: Fires Of Rubicon (Deluxe Edition),matched
baten_kaitos_i_ii_hd_remaster,Baten Kaitos I & II HD Remaster,E06117,PAX0014235936,Baten Kaitos I & II HD Remaster,matched
black_clover_quartet_knights,BLACK CLOVER: QUARTET KNIGHTS,E02895,PAX0009950542,Black Clover: Quartet Knights,matched
black_clover_quartet_knights,BLACK CLOVER: QUARTET KNIGHTS,E02895,PAX0010585084,Black Clover: Quartet Knights,matched
black_clover_quartet_knights,BLACK CLOVER: QUARTET KNIGHTS,E02895,PAX0011792288,Black Clover: Quartet Knights,matched
black_clover_quartet_knights_deluxe,BLACK CLOVER: QUARTET KNIGHTS Deluxe Edition,E02950,PAX0009950610,Black Clover: Quartet Knights (Deluxe Edition),matched
bleach_rebirth_of_souls,BLEACH Rebirth of Souls,E06132,PAX0014038022,Bleach Rebirth of Souls,matched
captain_tsubasa_rise_of_new_champions,Captain Tsubasa: Rise of New Champions,E03350,PAX0010849876,Captain Tsubasa: Rise of New Champions,matched
captain_tsubasa_rise_of_new_champions,Captain Tsubasa: Rise of New Champions,E03350,PAX0011828022,Captain Tsubasa: Rise of New Champions,matched
captain_tsubasa_rise_of_new_champions,Captain Tsubasa: Rise of New Champions,E03350,PAX0012071802,Captain Tsubasa: Rise of New Champions,matched
captain_tsubasa_rise_of_new_champions,Captain Tsubasa: Rise of New Champions,E03350,PAX0014401074,Captain Tsubasa: Rise of New Champions,matched
captain_tsubasa_rise_of_new_champions_deluxe,Captain Tsubasa: Rise of New Champions - Deluxe Edition,E04120,PAX0010849944,Captain Tsubasa: Rise of New Champions (Deluxe Edition),matched
captain_tsubasa_rise_of_new_champions_ultimate,Captain Tsubasa: Rise of New Champions - Ultimate Edition,E06275,PAX0014008034,Captain Tsubasa: Rise of New Champions (Ultimate Edition),matched
code_vein,CODE VEIN,E03009,PAX0010324338,Code Vein,matched
code_vein,CODE VEIN,E03009,PAX0010464792,Code Vein,matched
code_vein,CODE VEIN,E03009,PAX0010508924,Code Vein,matched
code_vein,CODE VEIN,E03009,PAX0010593584,Code Vein,matched
code_vein,CODE VEIN,E03009,PAX0011771990,Code Vein,matched
code_vein_deluxe,CODE VEIN Deluxe Edition,E03483,PAX0010361296,Code Vein (Deluxe Edition),matched
code_vein_deluxe,CODE VEIN Deluxe Edition,E03483,PAX0010508958,Code Vein (Deluxe Edition),matched
code_vein_deluxe,CODE VEIN Deluxe Edition,E03483,PAX0011312922,Code Vein (Deluxe Edition),matched
code_vein_deluxe,CODE VEIN Deluxe Edition,E03483,PAX0011496930,Code Vein (Deluxe Edition),matched
code_vein_ii,CODE VEIN II,L00239,PAX0014842054,Code Vein II,matched
code_vein_ii,CODE VEIN II,L00239,PAX0015167366,Code Vein II,matched
code_vein_ii_deluxe,CODE VEIN II Deluxe Edition,L00240,PAX0015167434,Code Vein II (Deluxe Edition),matched
code_vein_ii_ultimate,CODE VEIN II Ultimate Edition,L00241,PAX0015167570,Code Vein II (Ultimate Edition),matched
dark_souls_ii_scholar_of_the_first_sin,DARK SOULS™ II: Scholar of the First Sin,E01927,PAX0006971122,Dark Souls II: Scholar of the First Sin,matched
dark_souls_ii_scholar_of_the_first_sin,DARK SOULS™ II: Scholar of the First Sin,E01927,PAX0010510590,Dark Souls II: Scholar of the First Sin,matched
dark_souls_ii_scholar_of_the_first_sin,DARK SOULS™ II: Scholar of the First Sin,E01927,PAX0011085190,Dark Souls II: Scholar of the First Sin,matched
dark_souls_ii_scholar_of_the_first_sin,DARK SOULS™ II: Scholar of the First Sin,E01927,PAX0011194296,Dark Souls II: Scholar of the First Sin,matched
dark_souls_ii_scholar_of_the_first_sin,DARK SOULS™ II: Scholar of the First Sin,E01927,PAX0011792356,Dark Souls II: Scholar of the First Sin,matched
dark_souls_ii_scholar_of_the_first_sin,DARK SOULS™ II: Scholar of the First Sin,E01927,PAX0013268670,Dark Souls II: Scholar of the First Sin,matched
dark_souls_iii,DARK SOULS III,E01572,PAX0007785082,Dark Souls III,matched
dark_souls_iii,DARK SOULS III,E01572,PAX0010511032,Dark Souls III,matched
dark_souls_iii,DARK SOULS III,E01572,PAX0011083694,Dark Souls III,matched
dark_souls_iii,DARK SOULS III,E01572,PAX0011373680,Dark Souls III,matched
dark_souls_iii_deluxe,DARK SOULS III Deluxe Edition,E02323,PAX0009513030,Dark Souls III (Deluxe Edition),matched
dark_souls_iii_deluxe,DARK SOULS III Deluxe Edition,E02323,PAX0010511338,Dark Souls III (Deluxe Edition),matched
dark_souls_iii_deluxe,DARK SOULS III Deluxe Edition,E02323,PAX0011083728,Dark Souls III (Deluxe Edition),matched
dark_souls_iii_deluxe,DARK SOULS III Deluxe Edition,E02323,PAX0011178724,Dark Souls III (Deluxe Edition),matched
dark_souls_iii_deluxe,DARK SOULS III Deluxe Edition,E02323,PAX0011300546,Dark Souls III (Deluxe Edition),matched
dark_souls_iii_season_pass,DARK SOULS III - Season Pass,E01893,PAX0007947534,Dark Souls III: Season Pass (DLC),matched
dark_souls_iii_season_pass,DARK SOULS III - Season Pass,E01893,PAX0010511202,Dark Souls III: Season Pass (DLC),matched
dark_souls_iii_season_pass,DARK SOULS III - Season Pass,E01893,PAX0011201878,Dark Souls III: Season Pass (DLC),matched
dark_souls_iii_season_pass,DARK SOULS III - Season Pass,E01893,PAX0011363990,Dark Souls III: Season Pass (DLC),matched
dark_souls_remastered,DARK SOULS: REMASTERED,E02716,PAX0009575522,Dark Souls: Remastered,matched
dark_souls_remastered,DARK SOULS: REMASTERED,E02716,PAX0010382852,Dark Souls: Remastered,matched
dark_souls_remastered,DARK SOULS: REMASTERED,E02716,PAX0011562686,Dark Souls: Remastered,matched
dark_souls_remastered,DARK SOULS: REMASTERED,E02716,PAX0011705588,Dark Souls: Remastered,matched
dark_souls_remastered,DARK SOULS: REMASTERED,E02716,PAX0013154124,Dark Souls: Remastered,matched
dark_souls_remastered,DARK SOULS: REMASTERED,E02716,PAX0015824994,Dark Souls: Remastered,matched
digimon_story_cyber_sleuth_complete,Digimon Story Cyber Sleuth: Complete Edition,E05368,PAX0010995022,Digimon Story Cyber Sleuth (Complete Edition),matched
digimon_story_cyber_sleuth_complete,Digimon Story Cyber Sleuth: Complete Edition,E05368,PAX0011070536,Digimon Story Cyber Sleuth (Complete Edition),matched
digimon_story_cyber_sleuth_complete,Digimon Story Cyber Sleuth: Complete Edition,E05368,PAX0014571210,Digimon Story Cyber Sleuth (Complete Edition),matched
digimon_story_time_stranger,Digimon Story Time Stranger,E03053,PAX0014830086,Digimon Story Time Stranger,matched
digimon_story_time_stranger,Digimon Story Time Stranger,E03053,PAX0014928754,Digimon Story Time Stranger,matched
digimon_story_time_stranger,Digimon Story Time Stranger,E03053,PAX0015215510,Digimon Story Time Stranger,matched
digimon_story_time_stranger,Digimon Story Time Stranger,E03053,PAX0015540482,Digimon Story Time Stranger,matched
digimon_story_time_stranger,Digimon Story Time Stranger,E03053,PAX0015540516,Digimon Story Time Stranger,matched
digimon_story_time_stranger_deluxe,Digimon Story Time Stranger Deluxe Edition,L00115,PAX0014928822,Digimon Story Time Stranger (Deluxe Edition),matched
digimon_story_time_stranger_deluxe,Digimon Story Time Stranger Deluxe Edition,L00115,PAX0015503422,Digimon Story Time Stranger (Deluxe Edition),matched
digimon_story_time_stranger_ultimate,Digimon Story Time Stranger Ultimate Edition,L00116,PAX0014928856,Digimon Story Time Stranger (Ultimate Edition),matched
digimon_story_time_stranger_ultimate,Digimon Story Time Stranger Ultimate Edition,L00116,PAX0015508828,Digimon Story Time Stranger (Ultimate Edition),matched
digimon_survive,Digimon Survive,E05471,PAX0012413910,Digimon Survive,matched
digimon_survive,Digimon Survive,E05471,PAX0013989640,Digimon Survive,matched
digimon_survive,Digimon Survive,E05471,PAX0015817582,Digimon Survive,matched
digimon_world_next_order,Digimon World: Next Order,E04521,PAX0012723344,Digimon World: Next Order,matched
doraemon_story_of_seasons,DORAEMON STORY OF SEASONS,E03496,PAX0010731760,Doraemon Story of Seasons,matched
doraemon_story_of_seasons_friends_of_the_great_kingdom,DORAEMON STORY OF SEASONS: Friends of the Great Kingdom,E05019,PAX0012561776,Doraemon Story of Seasons: Friends of the Great Kingdom,matched
doraemon_story_of_seasons_friends_of_the_great_kingdom,DORAEMON STORY OF SEASONS: Friends of the Great Kingdom,E05019,PAX0014680690,Doraemon Story of Seasons: Friends of the Great Kingdom,matched
dragon_ball_fighterz,DRAGON BALL FighterZ,E02533,PAX0009332320,Dragon Ball FighterZ,matched
dragon_ball_fighterz,DRAGON BALL FighterZ,E02533,PAX0009392194,Dragon Ball FighterZ,matched
dragon_ball_fighterz,DRAGON BALL FighterZ,E02533,PAX0010515418,Dragon Ball FighterZ,matched
dragon_ball_fighterz,DRAGON BALL FighterZ,E02533,PAX0011359672,Dragon Ball FighterZ,matched
dragon_ball_fighterz,DRAGON BALL FighterZ,E02533,PAX0011484112,Dragon Ball FighterZ,matched
dragon_ball_fighterz,DRAGON BALL FighterZ,E02533,PAX0011551772,Dragon Ball FighterZ,matched
dragon_ball_fighterz,DRAGON BALL FighterZ,E02533,PAX0012925168,Dragon Ball FighterZ,matched
dragon_ball_fighterz_fighterz,DRAGON BALL FighterZ - FighterZ Edition,E02595,PAX0009410826,Dragon Ball FighterZ (FighterZ Edition),matched
dragon_ball_fighterz_legendary,DRAGON BALL FighterZ - Legendary Edition,E02596,PAX0013747526,Dragon Ball FighterZ (Legendary Edition),matched
dragon_ball_sparking_zero,DRAGON BALL: Sparking! ZERO,E06127,PAX0013753680,Dragon Ball: Sparking! Zero,matched
dragon_ball_sparking_zero,DRAGON BALL: Sparking! ZERO,E06127,PAX0013753748,Dragon Ball: Sparking! Zero,matched
dragon_ball_sparking_zero,DRAGON BALL: Sparking! ZERO,E06127,PAX0013753782,Dragon Ball: Sparking! Zero,matched
dragon_ball_sparking_zero,DRAGON BALL: Sparking! ZERO,E06127,PAX0014130230,Dragon Ball: Sparking! Zero,matched
dragon_ball_sparking_zero,DRAGON BALL: Sparking! ZERO,E06127,PAX0014130298,Dragon Ball: Sparking! Zero,matched
dragon_ball_sparking_zero,DRAGON BALL: Sparking! ZERO,E06127,PAX0014130332,Dragon Ball: Sparking! Zero,matched
dragon_ball_sparking_zero,DRAGON BALL: Sparking! ZERO,E06127,PAX0014130366,Dragon Ball: Sparking! Zero,matched
dragon_ball_sparking_zero,DRAGON BALL: Sparking! ZERO,E06127,PAX0014350822,Dragon Ball: Sparking! Zero,matched
dragon_ball_sparking_zero_deluxe,DRAGON BALL: Sparking! ZERO Deluxe Edition,E06634,PAX0013795602,Dragon Ball: Sparking! Zero (Deluxe Edition),matched
dragon_ball_sparking_zero_deluxe,DRAGON BALL: Sparking! ZERO Deluxe Edition,E06634,PAX0014117548,Dragon Ball: Sparking! Zero (Deluxe Edition),matched
dragon_ball_sparking_zero_ultimate,DRAGON BALL: Sparking! ZERO Ultimate Edition,E06655,PAX0014117378,Dragon Ball: Sparking! Zero (Ultimate Edition),matched
dragon_ball_the_breakers,DRAGON BALL: THE BREAKERS,E05011,PAX0012529510,Dragon Ball: The Breakers,matched
dragon_ball_the_breakers_special,DRAGON BALL: THE BREAKERS Special Edition,E05644,PAX0012527878,Dragon Ball: The Breakers (Special Edition),matched
dragon_ball_the_breakers_special,DRAGON BALL: THE BREAKERS Special Edition,E05644,PAX0012983614,Dragon Ball: The Breakers (Special Edition),matched
dragon_ball_the_breakers_special,DRAGON BALL: THE BREAKERS Special Edition,E05644,PAX0014945958,Dragon Ball: The Breakers (Special Edition),matched
dragon_ball_xenoverse_2,DRAGON BALL XENOVERSE 2,E02035,PAX0008452536,Dragon Ball: Xenoverse 2,matched
dragon_ball_xenoverse_2,DRAGON BALL XENOVERSE 2,E02035,PAX0010401620,Dragon Ball Xenoverse 2,matched
dragon_ball_xenoverse_2,DRAGON BALL XENOVERSE 2,E02035,PAX0010476862,Dragon Ball: Xenoverse 2,matched
dragon_ball_xenoverse_2,DRAGON BALL XENOVERSE 2,E02035,PAX0010515724,Dragon Ball: Xenoverse 2,matched
dragon_ball_xenoverse_2,DRAGON BALL XENOVERSE 2,E02035,PAX0011083252,Dragon Ball: Xenoverse 2,matched
dragon_ball_xenoverse_2,DRAGON BALL XENOVERSE 2,E02035,PAX0011772466,Dragon Ball: Xenoverse 2,matched
dragon_ball_xenoverse_2,DRAGON BALL XENOVERSE 2,E02035,PAX0012306674,Dragon Ball: Xenoverse 2,matched
dragon_ball_xenoverse_2,DRAGON BALL XENOVERSE 2,E02035,PAX0013007346,Dragon Ball: Xenoverse 2,matched
dragon_ball_xenoverse_2_deluxe,DRAGON BALL XENOVERSE 2 Deluxe Edition,E02036,PAX0012760472,Dragon Ball: Xenoverse 2 (Deluxe Edition),matched
dragon_ball_z_kakarot,DRAGON BALL Z: KAKAROT,E03005,PAX0010474210,Dragon Ball Z: Kakarot,matched
dragon_ball_z_kakarot,DRAGON BALL Z: KAKAROT,E03005,PAX0010507598,Dragon Ball Z: Kakarot,matched
dragon_ball_z_kakarot,DRAGON BALL Z: KAKAROT,E03005,PAX0011221632,Dragon Ball Z: Kakarot,matched
dragon_ball_z_kakarot,DRAGON BALL Z: KAKAROT,E03005,PAX0011514134,Dragon Ball Z: Kakarot,matched
dragon_ball_z_kakarot,DRAGON BALL Z: KAKAROT,E03005,PAX0012925712,Dragon Ball Z: Kakarot,matched
dragon_ball_z_kakarot,DRAGON BALL Z: KAKAROT,E03005,PAX0015493800,Dragon Ball Z: Kakarot,matched
dragon_ball_z_kakarot_daima,DRAGON BALL Z: KAKAROT - DAIMA EDITION,L00113,PAX0015502742,Dragon Ball Z: Kakarot (Daima Edition),matched
dragon_ball_z_kakarot_deluxe,DRAGON BALL Z: KAKAROT Deluxe Edition,E03730,PAX0010489986,Dragon Ball Z: Kakarot (Deluxe Edition),matched
dragon_ball_z_kakarot_deluxe,DRAGON BALL Z: KAKAROT Deluxe Edition,E03730,PAX0010515894,Dragon Ball Z: Kakarot (Deluxe Edition),matched
dragon_ball_z_kakarot_deluxe,DRAGON BALL Z: KAKAROT Deluxe Edition,E03730,PAX0014570666,Dragon Ball Z: Kakarot (Deluxe Edition),matched
dragon_ball_z_kakarot_legendary,DRAGON BALL Z: KAKAROT Legendary Edition,E06163,PAX0012673398,Dragon Ball Z: Kakarot (Legendary Edition),matched
everybody_s_golf_hot_shots,EVERYBODY'S GOLF HOT SHOTS,L00036,PAX0014836172,Everybody's Golf Hot Shots,matched
everybody_s_golf_hot_shots,EVERYBODY'S GOLF HOT SHOTS,L00036,PAX0014929740,Everybody's Golf Hot Shots,matched
freedom_wars_remastered,FREEDOM WARS Remastered,E06517,PAX0014175688,Freedom Wars Remastered,matched
god_eater_2_rage_burst,GOD EATER 2 Rage Burst,E05369,PAX0009309268,God Eater 2: Rage Burst,matched
god_eater_2_rage_burst,GOD EATER 2 Rage Burst,E05369,PAX0011238836,God Eater 2: Rage Burst,matched
god_eater_2_rage_burst,GOD EATER 2 Rage Burst,E05369,PAX0011389626,God Eater 2: Rage Burst,matched
god_eater_3,GOD EATER 3,E03177,PAX0009956560,God Eater 3,matched
god_eater_3,GOD EATER 3,E03177,PAX0010588518,God Eater 3,matched
god_eater_3,GOD EATER 3,E03177,PAX0011414276,God Eater 3,matched
gundam_breaker_4,GUNDAM BREAKER 4,E04524,PAX0013798832,Gundam Breaker 4,matched
gundam_breaker_4,GUNDAM BREAKER 4,E04524,PAX0013798968,Gundam Breaker 4,matched
gundam_breaker_4,GUNDAM BREAKER 4,E04524,PAX0013799002,Gundam Breaker 4,matched
gundam_breaker_4,GUNDAM BREAKER 4,E04524,PAX0013986444,Gundam Breaker 4,matched
gundam_breaker_4_deluxe,GUNDAM BREAKER 4 Deluxe Edition,E06529,PAX0013986614,Gundam Breaker 4 (Deluxe Edition),matched
gundam_breaker_4_ultimate,GUNDAM BREAKER 4 Ultimate Edition,E06530,PAX0013986716,Gundam Breaker 4 (Ultimate Edition),matched
hack_g_u_last_recode,.hack//G.U. Last Recode,E05367,PAX0011204972,.Hack//G.U. Last Recode,matched
hack_g_u_last_recode,.hack//G.U. Last Recode,E05367,PAX0011435764,.Hack//G.U. Last Recode,matched
hack_g_u_last_recode,.hack//G.U. Last Recode,E05367,PAX0011620588,.Hack//G.U. Last Recode,matched
hack_g_u_last_recode,.hack//G.U. Last Recode,E05367,PAX0011678694,.Hack//G.U. Last Recode,matched
jojo_s_bizarre_adventure_all_star_battle_r,JoJo's Bizarre Adventure: All-Star Battle R,E03528,PAX0012435840,Jojo's Bizarre Adventure: All-Star Battle R,matched
jojo_s_bizarre_adventure_all_star_battle_r,JoJo's Bizarre Adventure: All-Star Battle R,E03528,PAX0014369522,Jojo's Bizarre Adventure: All-Star Battle R,matched
jojo_s_bizarre_adventure_all_star_battle_r_deluxe,JoJo's Bizarre Adventure: All-Star Battle R Deluxe Edition,E05524,PAX0013153750,Jojo's Bizarre Adventure: All-Star Battle R (Deluxe Edition),matched
jojo_s_bizarre_adventure_all_star_battle_r_ultimate,JoJo's Bizarre Adventure: All-Star Battle R Ultimate Edition,E06307,PAX0013456282,Jojo's Bizarre Adventure: All-Star Battle R (Ultimate Edition),matched
jujutsu_kaisen_cursed_clash,Jujutsu Kaisen Cursed Clash,E05703,PAX0013412422,Jujutsu Kaisen Cursed Clash,matched
jujutsu_kaisen_cursed_clash,Jujutsu Kaisen Cursed Clash,E05703,PAX0013436664,Jujutsu Kaisen Cursed Clash,matched
jujutsu_kaisen_cursed_clash_deluxe,Jujutsu Kaisen Cursed Clash Deluxe Edition,E06213,PAX0014089430,Jujutsu Kaisen Cursed Clash (Deluxe Edition),matched
jujutsu_kaisen_cursed_clash_ultimate,Jujutsu Kaisen Cursed Clash Ultimate Edition,E06212,PAX0013436800,Jujutsu Kaisen Cursed Clash (Ultimate Edition),matched
klonoa_phantasy_reverie_series,Klonoa Phantasy Reverie Series,E04522,PAX0012403812,Klonoa Phantasy Reverie Series,matched
little_nightmares_iii,Little Nightmares III,E05707,PAX0013475322,Little Nightmares III,matched
little_nightmares_iii,Little Nightmares III,E05707,PAX0013587352,Little Nightmares III,matched
little_nightmares_iii,Little Nightmares III,E05707,PAX0013587420,Little Nightmares III,matched
little_nightmares_iii,Little Nightmares III,E05707,PAX0013587488,Little Nightmares III,matched
little_nightmares_iii,Little Nightmares III,E05707,PAX0015081142,Little Nightmares III,matched
little_nightmares_iii,Little Nightmares III,E05707,PAX0015215068,Little Nightmares III,matched
little_nightmares_iii_deluxe,Little Nightmares III Deluxe Edition,L00119,PAX0015081176,Little Nightmares III (Deluxe Edition),matched
mobile_suit_gundam_seed_battle_destiny_remastered,MOBILE SUIT GUNDAM SEED BATTLE DESTINY REMASTERED,E06942,PAX0014731554,Mobile Suit Gundam Seed Battle Destiny Remastered,matched
mobile_suit_gundam_seed_battle_destiny_remastered,MOBILE SUIT GUNDAM SEED BATTLE DESTINY REMASTERED,E06942,PAX0014830766,Mobile Suit Gundam Seed Battle Destiny Remastered,matched
naruto_shippuden_ultimate_ninja_storm_2,NARUTO SHIPPUDEN: Ultimate Ninja STORM 2,E05373,PAX0010567030,Naruto Shippuden: Ultimate Ninja Storm 2,matched
naruto_shippuden_ultimate_ninja_storm_2,NARUTO SHIPPUDEN: Ultimate Ninja STORM 2,E05373,PAX0011460958,Naruto Shippuden: Ultimate Ninja Storm 2,matched
naruto_shippuden_ultimate_ninja_storm_4,NARUTO SHIPPUDEN: Ultimate Ninja STORM 4,E01592,PAX0007774372,Naruto Shippuden: Ultimate Ninja Storm 4,matched
naruto_shippuden_ultimate_ninja_storm_4,NARUTO SHIPPUDEN: Ultimate Ninja STORM 4,E01592,PAX0010301898,Naruto Shippuden: Ultimate Ninja Storm 4,matched
naruto_shippuden_ultimate_ninja_storm_4,NARUTO SHIPPUDEN: Ultimate Ninja STORM 4,E01592,PAX0011368172,Naruto Shippuden: Ultimate Ninja Storm 4,matched
naruto_shippuden_ultimate_ninja_storm_4,NARUTO SHIPPUDEN: Ultimate Ninja STORM 4,E01592,PAX0011545550,Naruto Shippuden: Ultimate Ninja Storm 4,matched
naruto_shippuden_ultimate_ninja_storm_4,NARUTO SHIPPUDEN: Ultimate Ninja STORM 4,E01592,PAX0012032566,Naruto Shippuden: Ultimate Ninja Storm 4,matched
naruto_shippuden_ultimate_ninja_storm_4_road_to_boruto,NARUTO SHIPPUDEN: Ultimate Ninja STORM 4 Road to Boruto,E04555,PAX0009671674,Naruto Shippuden: Ultimate Ninja Storm 4 - Road to Boruto,matched
naruto_shippuden_ultimate_ninja_storm_4_road_to_boruto,NARUTO SHIPPUDEN: Ultimate Ninja STORM 4 Road to Boruto,E04555,PAX0011492170,Naruto Shippuden: Ultimate Ninja Storm 4 - Road to Boruto,matched
naruto_shippuden_ultimate_ninja_storm_4_road_to_boruto,NARUTO SHIPPUDEN: Ultimate Ninja STORM 4 Road to Boruto,E04555,PAX0011550038,Naruto Shippuden: Ultimate Ninja Storm 4 - Road to Boruto,matched
naruto_shippuden_ultimate_ninja_storm_4_road_to_boruto,NARUTO SHIPPUDEN: Ultimate Ninja STORM 4 Road to Boruto,E04555,PAX0014958742,Naruto Shippuden: Ultimate Ninja Storm 4 - Road To Boruto,matched
naruto_shippuden_ultimate_ninja_storm_legacy,NARUTO SHIPPUDEN: Ultimate Ninja STORM Legacy,E05371,PAX0010114966,Naruto Shippuden: Ultimate Ninja Storm Legacy,matched
naruto_shippuden_ultimate_ninja_storm_legacy,NARUTO SHIPPUDEN: Ultimate Ninja STORM Legacy,E05371,PAX0011548576,Naruto Shippuden: Ultimate Ninja Storm Legacy,matched
naruto_shippuden_ultimate_ninja_storm_legacy,NARUTO SHIPPUDEN: Ultimate Ninja STORM Legacy,E05371,PAX0015827680,Naruto Shippuden: Ultimate Ninja Storm Legacy,matched
naruto_shippuden_ultimate_ninja_storm_trilogy,NARUTO SHIPPUDEN: Ultimate Ninja STORM Trilogy,E05387,PAX0009772144,Naruto Shippuden: Ultimate Ninja Storm Trilogy,matched
naruto_shippuden_ultimate_ninja_storm_trilogy,NARUTO SHIPPUDEN: Ultimate Ninja STORM Trilogy,E05387,PAX0010532146,Naruto Shippuden: Ultimate Ninja Storm Trilogy,matched
naruto_shippuden_ultimate_ninja_storm_trilogy,NARUTO SHIPPUDEN: Ultimate Ninja STORM Trilogy,E05387,PAX0011405844,Naruto Shippuden: Ultimate Ninja Storm Trilogy,matched
naruto_shippuden_ultimate_ninja_storm_trilogy,NARUTO SHIPPUDEN: Ultimate Ninja STORM Trilogy,E05387,PAX0011531134,Naruto Shippuden: Ultimate Ninja Storm Trilogy,matched
naruto_to_boruto_shinobi_striker,NARUTO TO BORUTO: SHINOBI STRIKER,E02855,PAX0009688844,Naruto to Boruto: Shinobi Striker,matched
naruto_to_boruto_shinobi_striker,NARUTO TO BORUTO: SHINOBI STRIKER,E02855,PAX0010146858,Naruto to Boruto: Shinobi Striker,matched
naruto_to_boruto_shinobi_striker,NARUTO TO BORUTO: SHINOBI STRIKER,E02855,PAX0010585968,Naruto to Boruto: Shinobi Striker,matched
naruto_to_boruto_shinobi_striker,NARUTO TO BORUTO: SHINOBI STRIKER,E02855,PAX0011078050,Naruto to Boruto: Shinobi Striker,matched
naruto_to_boruto_shinobi_striker,NARUTO TO BORUTO: SHINOBI STRIKER,E02855,PAX0011555104,Naruto to Boruto: Shinobi Striker,matched
naruto_to_boruto_shinobi_striker,NARUTO TO BORUTO: SHINOBI STRIKER,E02855,PAX0011909486,Naruto to Boruto: Shinobi Striker,matched
naruto_to_boruto_shinobi_striker_deluxe,NARUTO TO BORUTO: SHINOBI STRIKER Deluxe Edition,E02942,PAX0009966964,Naruto to Boruto: Shinobi Striker (Deluxe Edition),matched
naruto_to_boruto_shinobi_striker_deluxe,NARUTO TO BORUTO: SHINOBI STRIKER Deluxe Edition,E02942,PAX0010436198,Naruto to Boruto: Shinobi Striker (Deluxe Edition),matched
naruto_to_boruto_shinobi_striker_deluxe,NARUTO TO BORUTO: SHINOBI STRIKER Deluxe Edition,E02942,PAX0011223468,Naruto to Boruto: Shinobi Striker (Deluxe Edition),matched
naruto_ultimate_ninja_storm,NARUTO: Ultimate Ninja STORM,E05386,PAX0010567064,Naruto: Ultimate Ninja Storm,matched
naruto_x_boruto_ultimate_ninja_storm_connections,NARUTO X BORUTO Ultimate Ninja STORM CONNECTIONS,E03049,PAX0013555324,Naruto X Boruto Ultimate Ninja Storm Connections,matched
new_gundam_breaker,New Gundam Breaker,E02758,PAX0009974784,New Gundam Breaker,matched
new_gundam_breaker,New Gundam Breaker,E02758,PAX0011249818,New Gundam Breaker,matched
new_gundam_breaker,New Gundam Breaker,E02758,PAX0012319356,New Gundam Breaker,matched
once_upon_a_katamari,Once Upon A KATAMARI,E06970,PAX0014976150,Once Upon A Katamari,matched
one_piece_burning_blood,ONE PIECE BURNING BLOOD,E01970,PAX0009056410,One Piece Burning Blood,matched
one_piece_burning_blood,ONE PIECE BURNING BLOOD,E01970,PAX0010533676,One Piece: Burning Blood,matched
one_piece_burning_blood,ONE PIECE BURNING BLOOD,E01970,PAX0011551024,One Piece: Burning Blood,matched
one_piece_burning_blood_gold,ONE PIECE BURNING BLOOD GOLD Edition,E05642,PAX0010475706,One Piece: Burning Blood (Gold Edition),matched
one_piece_burning_blood_gold,ONE PIECE BURNING BLOOD GOLD Edition,E05642,PAX0011562992,One Piece: Burning Blood (Gold Edition),matched
one_piece_burning_blood_gold,ONE PIECE BURNING BLOOD GOLD Edition,E05642,PAX0011827886,One Piece: Burning Blood (Gold Edition),matched
one_piece_burning_blood_gold,ONE PIECE BURNING BLOOD GOLD Edition,E05642,PAX0015830638,One Piece Burning Blood (Gold Edition),matched
one_piece_odyssey,ONE PIECE ODYSSEY,E05083,PAX0012652998,One Piece Odyssey,matched
one_piece_odyssey_deluxe,ONE PIECE ODYSSEY Deluxe Edition,E05788,PAX0012673432,One Piece Odyssey (Deluxe Edition),matched
one_piece_pirate_warriors_4,ONE PIECE: PIRATE WARRIORS 4,E02973,PAX0010605960,One Piece: Pirate Warriors 4,matched
one_piece_pirate_warriors_4,ONE PIECE: PIRATE WARRIORS 4,E02973,PAX0011357190,One Piece: Pirate Warriors 4,matched
one_piece_pirate_warriors_4,ONE PIECE: PIRATE WARRIORS 4,E02973,PAX0011727654,One Piece: Pirate Warriors 4,matched
one_piece_pirate_warriors_4,ONE PIECE: PIRATE WARRIORS 4,E02973,PAX0014193742,One Piece: Pirate Warriors 4,matched
one_piece_pirate_warriors_4_deluxe,ONE PIECE: PIRATE WARRIORS 4 Deluxe Edition,E03825,PAX0010640946,One Piece: Pirate Warriors 4 (Deluxe Edition),matched
one_piece_pirate_warriors_4_deluxe,ONE PIECE: PIRATE WARRIORS 4 Deluxe Edition,E03825,PAX0011265050,One Piece: Pirate Warriors 4 (Deluxe Edition),matched
one_piece_world_seeker,ONE PIECE WORLD SEEKER,E03295,PAX0009975226,One Piece: World Seeker,matched
one_piece_world_seeker,ONE PIECE WORLD SEEKER,E03295,PAX0010533574,One Piece: World Seeker,matched
one_piece_world_seeker,ONE PIECE WORLD SEEKER,E03295,PAX0011212350,One Piece: World Seeker,matched
one_piece_world_seeker,ONE PIECE WORLD SEEKER,E03295,PAX0011476224,One Piece: World Seeker,matched
one_piece_world_seeker_deluxe,ONE PIECE WORLD SEEKER Deluxe Edition,E03367,PAX0010423108,One Piece: World Seeker (Deluxe Edition),matched
one_piece_world_seeker_deluxe,ONE PIECE WORLD SEEKER Deluxe Edition,E03367,PAX0010431846,One Piece: World Seeker (Deluxe Edition),matched
one_piece_world_seeker_deluxe,ONE PIECE WORLD SEEKER Deluxe Edition,E03367,PAX0011493428,One Piece: World Seeker (Deluxe Edition),matched
one_punch_man_a_hero_nobody_knows,ONE PUNCH MAN: A HERO NOBODY KNOWS,E02997,PAX0010593278,One Punch Man: A Hero Nobody Knows,matched
one_punch_man_a_hero_nobody_knows,ONE PUNCH MAN: A HERO NOBODY KNOWS,E02997,PAX0011219966,One Punch Man: A Hero Nobody Knows,matched
one_punch_man_a_hero_nobody_knows,ONE PUNCH MAN: A HERO NOBODY KNOWS,E02997,PAX0011740812,One Punch Man: A Hero Nobody Knows,matched
pac_man_mega_tunnel_battle_chomp_champs,PAC-MAN Mega Tunnel Battle: Chomp Champs,E06649,PAX0013651816,Pac-Man Mega Tunnel Battle: Chomp Champs,matched
pac_man_mega_tunnel_battle_chomp_champs,PAC-MAN Mega Tunnel Battle: Chomp Champs,E06649,PAX0013651850,Pac-Man Mega Tunnel Battle: Chomp Champs,matched
pac_man_mega_tunnel_battle_chomp_champs,PAC-MAN Mega Tunnel Battle: Chomp Champs,E06649,PAX0013651884,Pac-Man Mega Tunnel Battle: Chomp Champs,matched
pac_man_world_2_re_pac,PAC-MAN WORLD 2 Re-PAC,E06971,PAX0014976422,Pac-Man World 2 Re-Pac,matched
park_beyond,Park Beyond,E04538,PAX0012897084,Park Beyond,matched
park_beyond,Park Beyond,E04538,PAX0014470808,Park Beyond,matched
patapon_1_2_replay,PATAPON 1+2 REPLAY,E06134,PAX0014894210,Patapon 1+2 Replay,matched
sand_land,SAND LAND,E06114,PAX0013449516,Sand Land,matched
sand_land,SAND LAND,E06114,PAX0013629852,Sand Land,matched
scarlet_nexus,SCARLET NEXUS,E03557,PAX0011642280,Scarlet Nexus,matched
scarlet_nexus_deluxe,SCARLET NEXUS Deluxe,E04727,PAX0011642246,Scarlet Nexus (Deluxe Edition),matched
sd_gundam_battle_alliance,SD GUNDAM BATTLE ALLIANCE,E03559,PAX0012417582,SD Gundam Battle Alliance,matched
sd_gundam_g_generation_cross_rays,SD GUNDAM G GENERATION CROSS RAYS,E02985,PAX0011539804,SD Gundam G Generation Cross Rays,matched
shadow_labyrinth,Shadow Labyrinth,E06972,PAX0014732166,Shadow Labyrinth,matched
shadow_labyrinth,Shadow Labyrinth,E06972,PAX0014912026,Shadow Labyrinth,matched
soulcalibur_vi,SOULCALIBUR VI,E02875,PAX0009799344,Soulcalibur VI,matched
soulcalibur_vi,SOULCALIBUR VI,E02875,PAX0011056086,Soulcalibur VI,matched
soulcalibur_vi,SOULCALIBUR VI,E02875,PAX0011418968,Soulcalibur VI,matched
soulcalibur_vi,SOULCALIBUR VI,E02875,PAX0011482854,Soulcalibur VI,matched
soulcalibur_vi,SOULCALIBUR VI,E02875,PAX0011547998,Soulcalibur VI,matched
soulcalibur_vi,SOULCALIBUR VI,E02875,PAX0011550616,Soulcalibur VI,matched
soulcalibur_vi,SOULCALIBUR VI,E02875,PAX0011765360,Soulcalibur VI,matched
soulcalibur_vi_deluxe,SOULCALIBUR VI Deluxe Edition,E03123,PAX0009799650,Soulcalibur VI (Deluxe Edition),matched
soulcalibur_vi_deluxe,SOULCALIBUR VI Deluxe Edition,E03123,PAX0011338218,Soulcalibur VI (Deluxe Edition),matched
soulcalibur_vi_deluxe,SOULCALIBUR VI Deluxe Edition,E03123,PAX0012336220,Soulcalibur VI (Deluxe Edition),matched
super_robot_wars_30,Super Robot Wars 30,E04508,PAX0011886978,Super Robot Wars 30,matched
super_robot_wars_30_deluxe,Super Robot Wars 30 Deluxe Edition,E05097,PAX0011923630,Super Robot Wars 30 (Deluxe Edition),matched
super_robot_wars_30_ultimate,Super Robot Wars 30 Ultimate Edition,E05098,PAX0011934816,Super Robot Wars 30 (Ultimate Edition),matched
super_robot_wars_x,SUPER ROBOT WARS X,E03632,PAX0011599848,Super Robot Wars X,matched
super_robot_wars_y,SUPER ROBOT WARS Y,L00033,PAX0014733764,Super Robot Wars Y,matched
super_robot_wars_y,SUPER ROBOT WARS Y,L00033,PAX0014929366,Super Robot Wars Y,matched
super_robot_wars_y_deluxe,SUPER ROBOT WARS Y Deluxe Edition,L00034,PAX0014929502,Super Robot Wars Y (Deluxe Edition),matched
super_robot_wars_y_deluxe,SUPER ROBOT WARS Y Deluxe Edition,L00034,PAX0015713780,Super Robot Wars Y (Deluxe Edition),matched
super_robot_wars_y_ultimate,SUPER ROBOT WARS Y Ultimate Edition,L00035,PAX0014929434,Super Robot Wars Y (Ultimate Edition),matched
super_robot_wars_y_ultimate,SUPER ROBOT WARS Y Ultimate Edition,L00035,PAX0015713814,Super Robot Wars Y (Ultimate Edition),matched
sword_art_online_alicization_lycoris,SWORD ART ONLINE Alicization Lycoris,E03060,PAX0010781400,Sword Art Online: Alicization Lycoris,matched
sword_art_online_alicization_lycoris_deluxe,SWORD ART ONLINE Alicization Lycoris Deluxe Edition,E03954,PAX0010797788,Sword Art Online: Alicization Lycoris (Deluxe Edition),matched
sword_art_online_fatal_bullet,Sword Art Online: Fatal Bullet,E02540,PAX0009455468,Sword Art Online: Fatal Bullet,matched
sword_art_online_fatal_bullet,Sword Art Online: Fatal Bullet,E02540,PAX0010915088,Sword Art Online: Fatal Bullet,matched
sword_art_online_fatal_bullet,Sword Art Online: Fatal Bullet,E02540,PAX0011453308,Sword Art Online: Fatal Bullet,matched
sword_art_online_fatal_bullet,Sword Art Online: Fatal Bullet,E02540,PAX0011523620,Sword Art Online: Fatal Bullet,matched
sword_art_online_fatal_bullet_complete,Sword Art Online: Fatal Bullet - Complete Edition,E03322,PAX0009957376,Sword Art Online: Fatal Bullet (Complete Edition),matched
sword_art_online_fractured_daydream,SWORD ART ONLINE Fractured Daydream,E06120,PAX0013976312,Sword Art Online: Fractured Daydream,matched
sword_art_online_fractured_daydream,SWORD ART ONLINE Fractured Daydream,E06120,PAX0014135432,Sword Art Online: Fractured Daydream,matched
sword_art_online_hollow_realization_deluxe,Sword Art Online: Hollow Realization Deluxe Edition,E02310,PAX0009348402,Sword Art Online: Hollow Realization (Deluxe Edition),matched
sword_art_online_hollow_realization_deluxe,Sword Art Online: Hollow Realization Deluxe Edition,E02310,PAX0010999306,Sword Art Online: Hollow Realization (Deluxe Edition),matched
sword_art_online_hollow_realization_deluxe,Sword Art Online: Hollow Realization Deluxe Edition,E02310,PAX0014344192,Sword Art Online: Hollow Realization (Deluxe Edition),matched
sword_art_online_last_recollection,SWORD ART ONLINE Last Recollection,E05687,PAX0013159190,Sword Art Online: Last Recollection,matched
sword_art_online_last_recollection_deluxe,SWORD ART ONLINE Last Recollection Deluxe Edition,E06096,PAX0014008374,Sword Art Online: Last Recollection (Deluxe Edition),matched
sword_art_online_lost_song,Sword Art Online: Lost Song,E05372,PAX0010120168,Sword Art Online: Lost Song,matched
sword_art_online_lost_song,Sword Art Online: Lost Song,E05372,PAX0011676212,Sword Art Online: Lost Song,matched
synduality_echo_of_ada,SYNDUALITY Echo of Ada,E05693,PAX0014079774,Synduality: Echo of Ada,matched
synduality_echo_of_ada,SYNDUALITY Echo of Ada,E05693,PAX0015630616,Synduality: Echo of Ada,matched
synduality_echo_of_ada_deluxe,SYNDUALITY Echo of Ada Deluxe Edition,E06636,PAX0015630684,Synduality: Echo of Ada (Deluxe Edition),matched
tales_of_arise,Tales of Arise,E03024,PAX0011827716,Tales of Arise,matched
tales_of_arise,Tales of Arise,E03024,PAX0011937230,Tales of Arise,matched
tales_of_arise_beyond_the_dawn_expansion,Tales of Arise - Beyond the Dawn Expansion,E06168,PAX0013555222,Tales of Arise - Beyond the Dawn Expansion (DLC),matched
tales_of_berseria,Tales of Berseria,E02174,PAX0008665002,Tales of Berseria,matched
tales_of_berseria,Tales of Berseria,E02174,PAX0011017122,Tales of Berseria,matched
tales_of_berseria_remastered,Tales of Berseria Remastered,L00438,PAX0015323358,Tales of Berseria Remastered,matched
tales_of_graces_f_remastered,Tales of Graces f Remastered,E06381,PAX0014183542,Tales of Graces f Remastered,matched
tales_of_vesperia_definitive,Tales of Vesperia: Definitive Edition,E03191,PAX0010367280,Tales of Vesperia (Definitive Edition),matched
tales_of_vesperia_definitive,Tales of Vesperia: Definitive Edition,E03191,PAX0011271340,Tales of Vesperia (Definitive Edition),matched
tales_of_vesperia_definitive,Tales of Vesperia: Definitive Edition,E03191,PAX0012925644,Tales of Vesperia (Definitive Edition),matched
tales_of_xillia_remastered,Tales of Xillia Remastered,E06124,PAX0015083964,Tales of Xillia Remastered,matched
tales_of_xillia_remastered,Tales of Xillia Remastered,E06124,PAX0015714222,Tales of Xillia Remastered,matched
tales_of_xillia_remastered_deluxe,Tales of Xillia Remastered Deluxe Edition,L00231,PAX0015249510,Tales of Xillia Remastered (Deluxe Edition),matched
tales_of_xillia_remastered_deluxe,Tales of Xillia Remastered Deluxe Edition,L00231,PAX0015714290,Tales of Xillia Remastered (Deluxe Edition),matched
tales_of_zestiria,Tales of Zestiria,E01607,PAX0008665036,Tales of Zestiria,matched
tales_of_zestiria,Tales of Zestiria,E01607,PAX0011632182,Tales of Zestiria,matched
tales_of_zestiria,Tales of Zestiria,E01607,PAX0012511422,Tales of Zestiria,matched
tales_of_zestiria,Tales of Zestiria,E01607,PAX0013629988,Tales of Zestiria,matched
tekken_7,TEKKEN 7,E02278,PAX0008666974,Tekken 7,matched
tekken_7,TEKKEN 7,E02278,PAX0011219898,Tekken 7,matched
tekken_7,TEKKEN 7,E02278,PAX0011475170,Tekken 7,matched
tekken_7,TEKKEN 7,E02278,PAX0011476768,Tekken 7,matched
tekken_7,TEKKEN 7,E02278,PAX0011480236,Tekken 7,matched
tekken_7,TEKKEN 7,E02278,PAX0011553200,Tekken 7,matched
tekken_7_originals,TEKKEN 7 - Originals Edition,E05647,PAX0012530020,Tekken 7 (Originals Edition),matched
tekken_8,TEKKEN 8,E05700,PAX0013411368,Tekken 8,matched
tekken_8,TEKKEN 8,E05700,PAX0013418984,Tekken 8,matched
tekken_8,TEKKEN 8,E05700,PAX0013420072,Tekken 8,matched
tekken_8_deluxe,TEKKEN 8 Deluxe Edition,E06226,PAX0013419936,Tekken 8 (Deluxe Edition),matched
tekken_8_deluxe,TEKKEN 8 Deluxe Edition,E06226,PAX0013426702,Tekken 8 (Deluxe Edition),matched
tekken_8_deluxe,TEKKEN 8 Deluxe Edition,E06226,PAX0013432856,Tekken 8 (Deluxe Edition),matched
tekken_8_ultimate,TEKKEN 8 - Ultimate Edition,E06227,PAX0013420038,Tekken 8 (Ultimate Edition),matched
tekken_8_ultimate,TEKKEN 8 - Ultimate Edition,E06227,PAX0013432958,Tekken 8 (Ultimate Edition),matched
tekken_8_ultimate,TEKKEN 8 - Ultimate Edition,E06227,PAX0013436324,Tekken 8 (Ultimate Edition),matched
that_time_i_got_reincarnated_as_a_slime_isekai_chronicles,That Time I Got Reincarnated as a Slime ISEKAI Chronicles,E03566,PAX0013924904,That Time I Got Reincarnated as a Slime Isekai Chronicles,matched
towa_and_the_guardians_of_the_sacred_tree,Towa and the Guardians of the Sacred Tree,E06936,PAX0014842190,Towa And The Guardians Of The Sacred Tree,matched
we_love_katamari_reroll_royal_reverie,We Love Katamari REROLL+ Royal Reverie,E05071,PAX0012872162,We Love Katamari Reroll + Royal Reverie,matched
