Product Name,Item Number,SRP (CNY),start_month,end_month
.hack//G.U. Last Recode,E05367,278.0,2024-08,2025-04
.hack//G.U. Last Recode,E05367,278.0,2025-06,2026-04
ACE COMBAT 7: SKIES UNKNOWN,E03174,268.0,2024-08,2024-10
ACE COMBAT 7: SKIES UNKNOWN,E03174,268.0,2024-12,2026-04
ACE COMBAT 7: SKIES UNKNOWN - TOP GUN: Maverick Edition,E05445,368.0,2024-08,2024-10
ACE COMBAT 7: SKIES UNKNOWN - TOP GUN: Maverick Edition,E05445,368.0,2025-10,2025-12
ACE COMBAT 7: SKIES UNKNOWN - TOP GUN: Maverick Edition,E05445,368.0,2026-02,2026-03
ACE COMBAT 7: SKIES UNKNOWN - TOP GUN: Maverick Ultimate Edition,E05444,498.0,2024-08,2024-10
ACE COMBAT 7: SKIES UNKNOWN - TOP GUN: Maverick Ultimate Edition,E05444,498.0,2025-10,2026-04
ACE COMBAT™ 7: SKIES UNKNOWN - TOP GUN: Maverick Edition,E05445,368.0,2025-01,2026-04
ACE COMBAT™ 7: SKIES UNKNOWN - TOP GUN: Maverick Ultimate Edition,E05444,498.0,2025-01,2026-04
ARMORED CORE VI FIRES OF RUBICON,E05837,298.0,2024-08,2024-09
ARMORED CORE VI FIRES OF RUBICON,E05837,298.0,2025-12,2025-12
ARMORED CORE VI FIRES OF RUBICON Deluxe Edition,E05838,348.0,2024-08,2026-04
ARMORED CORE VI FIRES OF RUBICON Standard Edition,E05837,298.0,2024-10,2026-04
Accel World VS. Sword Art Online Deluxe Edition,E02452,278.0,2024-08,2026-04
Ace Combat 7: Skies Unknown,E03174,268.0,2024-11,2024-11
BLACK CLOVER: QUARTET KNIGHTS,E02895,268.0,2024-08,2026-04
BLACK CLOVER: QUARTET KNIGHTS Deluxe Edition,E02950,288.0,2024-08,2026-04
BLEACH Rebirth of Souls,E06132,298.0,2025-03,2026-04
BLEACH Rebirth of Souls Deluxe Edition,E06690,398.0,2025-03,2026-04
BLEACH Rebirth of Souls Ultimate Edition,E06691,498.0,2025-03,2026-04
Baten Kaitos I & II HD Remaster,E06117,248.0,2024-12,2024-12
Baten Kaitos I & II HD Remaster,E06117,248.0,2025-02,2026-04
CODE VEIN,E03009,268.0,2024-08,2026-04
CODE VEIN Deluxe Edition,E03483,368.0,2024-08,2026-04
CODE VEIN II,L00239,268.0,2026-01,2026-04
CODE VEIN II Deluxe Edition,L00240,398.0,2026-01,2026-04
CODE VEIN II Ultimate Edition,L00241,468.0,2026-01,2026-04
Captain Tsubasa: Rise of New Champions,E03350,198.0,2024-08,2026-04
Captain Tsubasa: Rise of New Champions - Deluxe Edition,E04120,298.0,2024-10,2026-04
Captain Tsubasa: Rise of New Champions - Ultimate Edition,E06275,398.0,2024-10,2026-04
Captain Tsubasa: Rise of New Champions Deluxe Edition,E04120,298.0,2024-08,2024-09
Captain Tsubasa: Rise of New Champions Deluxe Edition,E04120,298.0,2025-12,2025-12
Captain Tsubasa: Rise of New Champions Ultimate Edition,E06275,398.0,2024-08,2024-09
Captain Tsubasa: Rise of New Champions Ultimate Edition,E06275,398.0,2025-12,2025-12
DARK SOULS II: Scholar of the First Sin,E01927,198.0,2024-12,2025-02
DARK SOULS III,E01572,268.0,2024-12,2026-04
DARK SOULS III - Season Pass,E01893,138.0,2024-12,2026-04
DARK SOULS III Deluxe Edition,E02323,398.0,2024-12,2026-04
DARK SOULS: REMASTERED,E02716,198.0,2024-08,2026-04
DARK SOULS™ II: Scholar of the First Sin,E01927,198.0,2024-08,2024-11
DARK SOULS™ II: Scholar of the First Sin,E01927,198.0,2025-04,2025-11
DARK SOULS™ II: Scholar of the First Sin,E01927,158.0,2025-12,2025-12
DARK SOULS™ II: Scholar of the First Sin,E01927,198.0,2026-01,2026-03
DARK SOULS™ II: Scholar of the First Sin,E01927,158.0,2026-04,2026-04
DARK SOULS™ III,E01572,268.0,2024-08,2024-10
DARK SOULS™ III,E01572,268.0,2025-09,2025-10
DARK SOULS™ III,E01572,268.0,2025-12,2025-12
DARK SOULS™ III,E01572,268.0,2026-02,2026-02
DARK SOULS™ III,E01572,268.0,2026-04,2026-04
DARK SOULS™ III - Season Pass,E01893,138.0,2024-08,2024-10
DARK SOULS™ III - Season Pass,E01893,138.0,2025-12,2025-12
DARK SOULS™ III Deluxe Edition,E02323,398.0,2024-08,2024-10
DARK SOULS™ III Deluxe Edition,E02323,398.0,2025-12,2025-12
DARK SOULS™: REMASTERED,E02716,198.0,2025-09,2025-10
DARK SOULS™: REMASTERED,E02716,198.0,2026-01,2026-04
DEATH NOTE Killer Within,E06643,48.0,2024-12,2026-04
DEATH NOTE Killer Within Special Edition,E06646,98.0,2024-12,2025-03
DEATH NOTE Killer Within Special Edition,E06646,98.0,2025-06,2026-04
DIGIMON STORY TIME STRANGER,E03053,298.0,2025-07,2026-04
DIGIMON STORY TIME STRANGER Deluxe Edition,L00115,448.0,2025-12,2026-04
DIGIMON STORY TIME STRANGER Ultimate Edition,L00116,548.0,2025-12,2026-04
DORAEMON STORY OF SEASONS,E03496,228.0,2024-12,2025-01
DORAEMON STORY OF SEASONS,E03496,228.0,2025-03,2025-11
DORAEMON STORY OF SEASONS,E03496,228.0,2026-01,2026-04
DORAEMON STORY OF SEASONS,E06163,228.0,2025-02,2025-02
DORAEMON STORY OF SEASONS: Friends of the Great Kingdom,E05019,248.0,2024-08,2026-04
DORAEMON STORY OF SEASONS: Friends of the Great Kingdom Deluxe Edition,E05733,348.0,2024-08,2026-04
DRAGON BALL FighterZ,E02533,198.0,2024-08,2024-11
DRAGON BALL FighterZ,E02533,198.0,2025-01,2026-04
DRAGON BALL FighterZ - FighterZ Edition,E02595,298.0,2024-08,2026-04
DRAGON BALL FighterZ - Legendary Edition,E02596,398.0,2024-11,2026-04
DRAGON BALL FighterZ - Legendary Edition,E03177,398.0,2025-02,2025-02
DRAGON BALL FighterZ - Legendary Edition,E06163,398.0,2024-08,2024-10
DRAGON BALL XENOVERSE 2,E02035,98.0,2024-08,2026-04
DRAGON BALL XENOVERSE 2 Deluxe Edition,E02036,198.0,2024-08,2026-04
DRAGON BALL XENOVERSE 2 Special Edition,E05644,248.0,2024-08,2024-10
DRAGON BALL XENOVERSE 2 Special Edition,E06308,248.0,2024-11,2026-04
DRAGON BALL Z : KAKAROT - MASTER EDITION,L00114,398.0,2026-01,2026-04
DRAGON BALL Z: KAKAROT,E03005,298.0,2024-08,2025-07
DRAGON BALL Z: KAKAROT,E03005,88.0,2025-08,2026-04
DRAGON BALL Z: KAKAROT - DAIMA EDITION,L00113,198.0,2025-12,2026-04
DRAGON BALL Z: KAKAROT - Deluxe Edition,E03730,398.0,2024-10,2024-10
DRAGON BALL Z: KAKAROT - Legendary Edition,E06163,498.0,2024-10,2024-10
DRAGON BALL Z: KAKAROT - MASTER EDITION,L00114,398.0,2025-12,2025-12
DRAGON BALL Z: KAKAROT DAIMA EDITION,L00113,198.0,2026-01,2026-04
DRAGON BALL Z: KAKAROT Deluxe Edition,E03730,398.0,2024-08,2024-09
DRAGON BALL Z: KAKAROT Deluxe Edition,E03730,398.0,2024-12,2026-04
DRAGON BALL Z: KAKAROT Legendary Edition,E06163,498.0,2024-08,2024-09
DRAGON BALL Z: KAKAROT Legendary Edition,E06163,498.0,2024-12,2026-04
DRAGON BALL Z: KAKAROT MASTER EDITION,L00114,398.0,2026-01,2026-04
DRAGON BALL: Sparking! ZERO,E06127,298.0,2024-11,2026-04
DRAGON BALL: Sparking! ZERO Deluxe Edition,E06634,478.0,2024-11,2026-04
DRAGON BALL: Sparking! ZERO Ultimate Edition,E06655,538.0,2024-11,2026-04
DRAGON BALL: THE BREAKERS,E05011,98.0,2024-08,2024-11
DRAGON BALL: THE BREAKERS,E05011,98.0,2025-01,2026-04
DRAGON BALL: THE BREAKERS Special Edition,E05644,148.0,2024-08,2024-11
DRAGON BALL: THE BREAKERS Special Edition,E05644,148.0,2025-03,2026-04
Digimon Story Cyber Sleuth: Complete Edition,E05368,228.0,2024-08,2025-04
Digimon Story Cyber Sleuth: Complete Edition,E05368,228.0,2025-06,2026-04
Digimon Story Time Stranger,E03053,298.0,2025-09,2026-04
Digimon Story Time Stranger Deluxe Edition,0,448.0,2025-12,2025-12
Digimon Story Time Stranger Deluxe Edition,L00115,448.0,2026-01,2026-04
Digimon Story Time Stranger Ultimate Edition,0,548.0,2025-12,2025-12
Digimon Story Time Stranger Ultimate Edition,L00116,548.0,2026-01,2026-04
Digimon Survive,E03730,298.0,2025-02,2025-02
Digimon Survive,E05471,298.0,2024-08,2025-01
Digimon Survive,E05471,298.0,2025-03,2026-04
Digimon World: Next Order,E04521,248.0,2024-08,2024-11
Digimon World: Next Order,E04521,248.0,2025-01,2025-01
Digimon World: Next Order,E04521,248.0,2025-03,2025-04
Digimon World: Next Order,E04521,248.0,2025-06,2026-04
Doraemon Story of Seasons,E03496,228.0,2024-08,2024-11
Doraemon Story of Seasons,E03496,228.0,2025-07,2026-04
EVERYBODY'S GOLF HOT SHOTS,L00036,178.0,2025-10,2026-04
Everybody's Golf: Hotshots,L00036,178.0,2025-07,2026-04
FREEDOM WARS Remastered,E06517,198.0,2025-07,2026-04
GOD EATER 2 Rage Burst,E05369,268.0,2024-08,2025-04
GOD EATER 2 Rage Burst,E05369,268.0,2025-06,2026-04
GOD EATER 3,E03177,268.0,2024-08,2024-09
GOD EATER 3,E03177,268.0,2024-12,2025-04
GOD EATER 3,E03177,268.0,2025-06,2026-04
GUNDAM BREAKER 4,E04524,298.0,2024-08,2026-04
GUNDAM BREAKER 4 Deluxe Edition,E06529,448.0,2024-08,2026-04
GUNDAM BREAKER 4 Ultimate Edition,E06530,498.0,2024-08,2026-04
God Eaters 3,E03177,268.0,2024-10,2024-10
JoJo's Bizarre Adventure: All-Star Battle R,E03528,248.0,2024-08,2025-01
JoJo's Bizarre Adventure: All-Star Battle R,E03528,248.0,2025-03,2025-04
JoJo's Bizarre Adventure: All-Star Battle R,E03528,248.0,2025-06,2026-04
JoJo's Bizarre Adventure: All-Star Battle R Deluxe Edition,E05524,348.0,2024-08,2026-04
JoJo's Bizarre Adventure: All-Star Battle R Ultimate Edition,E06307,428.0,2024-08,2025-05
JoJo's Bizarre Adventure: All-Star Battle R Ultimate Edition,E06307,428.0,2025-07,2026-04
Jujutsu Kaisen Cursed Clash,E05703,298.0,2024-08,2024-11
Jujutsu Kaisen Cursed Clash,E05703,298.0,2025-02,2026-04
Jujutsu Kaisen Cursed Clash Deluxe Edition,E03322,398.0,2025-03,2025-03
Jujutsu Kaisen Cursed Clash Deluxe Edition,E06213,398.0,2024-08,2025-01
Jujutsu Kaisen Cursed Clash Deluxe Edition,E06213,398.0,2025-06,2026-04
Jujutsu Kaisen Cursed Clash Ultimate Edition,E06212,498.0,2024-08,2024-11
Jujutsu Kaisen Cursed Clash Ultimate Edition,E06212,498.0,2025-01,2025-01
Jujutsu Kaisen Cursed Clash Ultimate Edition,E06212,498.0,2025-03,2025-03
Jujutsu Kaisen Cursed Clash Ultimate Edition,E06212,498.0,2025-05,2026-04
Klonoa Phantasy Reverie Series,E04522,198.0,2024-08,2024-11
Klonoa Phantasy Reverie Series,E04522,198.0,2025-01,2026-04
Little Nightmares III,E05707,178.0,2025-12,2026-04
Little Nightmares III (pre-order),E05707,196.0,2025-12,2025-12
Little Nightmares III Deluxe Edition,L00119,268.0,2025-12,2026-04
Little Nightmares III Deluxe Edition (pre-order),L00119,342.0,2025-12,2025-12
Little Nightmares III Digital Deluxe Edition,L00119,268.0,2026-01,2026-03
MOBILE SUIT GUNDAM SEED BATTLE DESTINY REMASTERED,E06942,198.0,2025-05,2026-04
NARUTO SHIPPUDEN: ULTIMATE NINJA STORM 4,E01592,98.0,2024-08,2024-10
NARUTO SHIPPUDEN: ULTIMATE NINJA STORM 4,E01592,98.0,2025-07,2026-04
NARUTO SHIPPUDEN: Ultimate Ninja STORM 2,E05373,108.0,2024-08,2024-11
NARUTO SHIPPUDEN: Ultimate Ninja STORM 2,E05373,108.0,2025-03,2025-03
NARUTO SHIPPUDEN: Ultimate Ninja STORM 2,E05373,108.0,2025-06,2026-04
NARUTO SHIPPUDEN: Ultimate Ninja STORM 4,E01592,98.0,2024-11,2026-04
NARUTO SHIPPUDEN: Ultimate Ninja STORM 4 Road to Boruto,E04555,266.4,2024-08,2024-12
NARUTO SHIPPUDEN: Ultimate Ninja STORM 4 Road to Boruto,E04555,360.0,2025-01,2025-02
NARUTO SHIPPUDEN: Ultimate Ninja STORM 4 Road to Boruto,E04555,266.4,2025-03,2025-04
NARUTO SHIPPUDEN: Ultimate Ninja STORM 4 Road to Boruto,E04555,360.0,2025-05,2025-06
NARUTO SHIPPUDEN: Ultimate Ninja STORM 4 Road to Boruto,E04555,266.0,2025-07,2025-07
NARUTO SHIPPUDEN: Ultimate Ninja STORM 4 Road to Boruto,E04555,360.0,2025-08,2025-08
NARUTO SHIPPUDEN: Ultimate Ninja STORM 4 Road to Boruto,E04555,266.4,2025-09,2025-09
NARUTO SHIPPUDEN: Ultimate Ninja STORM 4 Road to Boruto,E04555,360.0,2025-10,2025-11
NARUTO SHIPPUDEN: Ultimate Ninja STORM 4 Road to Boruto,E04555,266.4,2025-12,2026-02
NARUTO SHIPPUDEN: Ultimate Ninja STORM 4 Road to Boruto,E04555,360.0,2026-03,2026-03
NARUTO SHIPPUDEN: Ultimate Ninja STORM 4 Road to Boruto,E04555,266.4,2026-04,2026-04
NARUTO SHIPPUDEN: Ultimate Ninja STORM Legacy,E05371,376.2,2024-08,2024-10
NARUTO SHIPPUDEN: Ultimate Ninja STORM Legacy,E05371,684.0,2024-11,2024-11
NARUTO SHIPPUDEN: Ultimate Ninja STORM Legacy,E05371,376.2,2024-12,2024-12
NARUTO SHIPPUDEN: Ultimate Ninja STORM Legacy,E05371,684.0,2025-01,2025-02
NARUTO SHIPPUDEN: Ultimate Ninja STORM Legacy,E05371,376.2,2025-03,2025-04
NARUTO SHIPPUDEN: Ultimate Ninja STORM Legacy,E05371,684.0,2025-05,2025-06
NARUTO SHIPPUDEN: Ultimate Ninja STORM Legacy,E05371,376.0,2025-07,2025-07
NARUTO SHIPPUDEN: Ultimate Ninja STORM Legacy,E05371,684.0,2025-08,2025-08
NARUTO SHIPPUDEN: Ultimate Ninja STORM Legacy,E05371,376.2,2025-09,2025-09
NARUTO SHIPPUDEN: Ultimate Ninja STORM Legacy,E05371,684.0,2025-10,2025-11
NARUTO SHIPPUDEN: Ultimate Ninja STORM Legacy,E05371,376.2,2025-12,2026-01
NARUTO SHIPPUDEN: Ultimate Ninja STORM Legacy,E05371,376.4,2026-02,2026-02
NARUTO SHIPPUDEN: Ultimate Ninja STORM Legacy,E05371,684.0,2026-03,2026-03
NARUTO SHIPPUDEN: Ultimate Ninja STORM Legacy,E05371,376.2,2026-04,2026-04
NARUTO SHIPPUDEN: Ultimate Ninja STORM Trilogy,E05387,217.08,2024-08,2024-11
NARUTO SHIPPUDEN: Ultimate Ninja STORM Trilogy,E05387,324.0,2025-01,2025-01
NARUTO SHIPPUDEN: Ultimate Ninja STORM Trilogy,E05387,217.08,2025-03,2025-04
NARUTO SHIPPUDEN: Ultimate Ninja STORM Trilogy,E05387,324.0,2025-05,2025-07
NARUTO SHIPPUDEN: Ultimate Ninja STORM Trilogy,E05387,217.08,2025-08,2025-09
NARUTO SHIPPUDEN: Ultimate Ninja STORM Trilogy,E05387,324.0,2025-10,2025-11
NARUTO SHIPPUDEN: Ultimate Ninja STORM Trilogy,E05387,217.08,2025-12,2026-02
NARUTO SHIPPUDEN: Ultimate Ninja STORM Trilogy,E05387,217.0,2026-03,2026-04
NARUTO TO BORUTO: SHINOBI STRIKER,E01572,98.0,2025-03,2025-03
NARUTO TO BORUTO: SHINOBI STRIKER,E01927,98.0,2025-03,2025-03
NARUTO TO BORUTO: SHINOBI STRIKER,E02855,98.0,2024-08,2024-12
NARUTO TO BORUTO: SHINOBI STRIKER,E02855,98.0,2025-02,2025-02
NARUTO TO BORUTO: SHINOBI STRIKER,E02855,98.0,2025-04,2026-04
NARUTO TO BORUTO: SHINOBI STRIKER Deluxe Edition,E02942,198.0,2024-08,2024-11
NARUTO TO BORUTO: SHINOBI STRIKER Deluxe Edition,E02942,198.0,2025-01,2025-01
NARUTO TO BORUTO: SHINOBI STRIKER Deluxe Edition,E02942,198.0,2025-03,2026-04
NARUTO TO BORUTO: SHINOBI STRIKER Ultimate Edition,E06292,398.0,2024-08,2024-11
NARUTO TO BORUTO: SHINOBI STRIKER Ultimate Edition,E06292,398.0,2025-01,2026-04
NARUTO X BORUTO Ultimate Ninja STORM CONNECTIONS,E03049,298.0,2024-08,2026-04
NARUTO X BORUTO Ultimate Ninja STORM CONNECTIONS Deluxe Edition,E06164,428.0,2024-08,2026-04
NARUTO X BORUTO Ultimate Ninja STORM CONNECTIONS Ultimate Edition,E06165,468.0,2024-08,2026-04
NARUTO X BORUTO Ultimate Ninja STORM CONNECTIONS Ultimate Edition,E06212,468.0,2025-04,2025-04
NARUTO: Ultimate Ninja STORM,E05386,108.0,2024-08,2024-11
NARUTO: Ultimate Ninja STORM,E05386,108.0,2025-02,2026-04
New Gundam Breaker,E02758,268.0,2024-08,2024-11
New Gundam Breaker,E02758,268.0,2025-01,2025-01
New Gundam Breaker,E02758,268.0,2025-03,2025-04
New Gundam Breaker,E02758,268.0,2025-06,2026-04
ONE PIECE BURNING BLOOD,E01970,268.0,2025-03,2025-11
ONE PIECE BURNING BLOOD,E01970,268.0,2026-02,2026-04
ONE PIECE BURNING BLOOD GOLD Edition,E05642,402.0,2024-12,2025-11
ONE PIECE BURNING BLOOD GOLD Edition,E05642,402.0,2026-01,2026-04
ONE PIECE ODYSSEY,E05083,298.0,2024-08,2025-01
ONE PIECE ODYSSEY,E05083,298.0,2025-03,2025-03
ONE PIECE ODYSSEY,E05083,298.0,2025-05,2025-05
ONE PIECE ODYSSEY,E05083,198.0,2025-06,2025-12
ONE PIECE ODYSSEY,E05083,298.0,2026-01,2026-01
ONE PIECE ODYSSEY,E05083,198.0,2026-02,2026-04
ONE PIECE ODYSSEY Deluxe Edition,E05788,428.0,2024-08,2024-12
ONE PIECE ODYSSEY Deluxe Edition,E05788,428.0,2025-03,2025-05
ONE PIECE ODYSSEY Deluxe Edition,E05788,248.0,2025-06,2025-06
ONE PIECE ODYSSEY Deluxe Edition,E05788,428.0,2025-07,2025-07
ONE PIECE ODYSSEY Deluxe Edition,E05788,248.0,2025-08,2026-04
ONE PIECE WORLD SEEKER,E03295,268.0,2025-01,2025-01
ONE PIECE WORLD SEEKER,E03295,268.0,2025-03,2025-11
ONE PIECE WORLD SEEKER,E03295,268.0,2026-01,2026-04
ONE PIECE WORLD SEEKER Deluxe Edition,E03367,328.0,2025-01,2025-01
ONE PIECE WORLD SEEKER Deluxe Edition,E03367,328.0,2025-03,2025-11
ONE PIECE WORLD SEEKER Deluxe Edition,E03367,328.0,2026-01,2026-04
ONE PIECE: PIRATE WARRIORS 4,E02973,198.0,2024-08,2024-11
ONE PIECE: PIRATE WARRIORS 4,E02973,198.0,2025-01,2025-04
ONE PIECE: PIRATE WARRIORS 4,E02973,198.0,2025-06,2026-01
ONE PIECE: PIRATE WARRIORS 4,E02973,178.0,2026-02,2026-04
ONE PIECE: PIRATE WARRIORS 4,E04727,198.0,2025-02,2025-02
ONE PIECE: PIRATE WARRIORS 4,E05387,198.0,2025-04,2025-05
ONE PIECE: PIRATE WARRIORS 4 Deluxe Edition,E02942,348.0,2025-04,2025-04
ONE PIECE: PIRATE WARRIORS 4 Deluxe Edition,E03825,348.0,2024-08,2026-04
ONE PIECE: PIRATE WARRIORS 4 Legendary Edition,L00434,398.0,2026-01,2026-04
ONE PIECE: PIRATE WARRIORS 4 Ultimate Edition,E06098,448.0,2024-08,2026-01
ONE PIECE: PIRATE WARRIORS 4 Ultimate Edition,E06098,298.0,2026-02,2026-04
ONE PUNCH MAN: A HERO NOBODY KNOWS,E02985,268.0,2025-02,2025-02
ONE PUNCH MAN: A HERO NOBODY KNOWS,E02997,268.0,2024-08,2025-01
ONE PUNCH MAN: A HERO NOBODY KNOWS,E02997,268.0,2025-03,2026-04
ONE PUNCH MAN: A HERO NOBODY KNOWS,E06970,268.0,2026-01,2026-01
Once Upon A KATAMARI,E06970,178.0,2025-12,2026-04
Once Upon A KATAMARI - King of All Sounds Edition,L00120,268.0,2025-12,2025-12
Once Upon A KATAMARI - King of All Sounds Edition,L00120,268.0,2026-02,2026-04
One Piece Burning Blood,E01970,268.0,2024-08,2024-11
One Piece Burning Blood,E01970,268.0,2025-07,2026-04
One Piece Burning Blood Gold Edition,E05642,402.0,2024-08,2024-11
One Piece Burning Blood Gold Edition,E05642,402.0,2025-07,2026-04
One Piece World Seeker,E03295,268.0,2024-08,2024-11
One Piece World Seeker,E03295,268.0,2025-07,2026-04
One Piece World Seeker Deluxe Edition,E03367,328.0,2024-08,2024-11
One Piece World Seeker Deluxe Edition,E03367,328.0,2025-07,2026-04
PAC-MAN Mega Tunnel Battle: Chomp Champs,E06649,98.0,2025-03,2026-04
PAC-MAN Mega Tunnel Battle: Chomp Champs - Deluxe Edition,E06652,148.0,2025-01,2025-01
PAC-MAN Mega Tunnel Battle: Chomp Champs - Deluxe Edition,E06652,148.0,2025-03,2026-04
PAC-MAN WORLD 2 Re-PAC,E06971,138.0,2026-03,2026-03
PAC-MAN WORLD 2 Re-PAC Deluxe Edition,L00118,178.0,2026-03,2026-03
PATAPON 1+2 REPLAY,E06134,138.0,2025-07,2026-04
Park Beyond,E04538,128.0,2024-08,2024-10
Park Beyond,E04538,128.0,2025-07,2026-04
Park beyond,E04538,248.0,2024-11,2024-11
Pre-Purchase Little Nightmares III Deluxe Edition Pre-Order,L00119,342.0,2026-01,2026-01
Pre-Purchase Little Nightmares III Deluxe Edition Pre-Order,L00119,268.0,2026-02,2026-04
Pre-Purchase Little Nightmares III Pre-Order,E05707,196.0,2026-01,2026-01
Pre-Purchase Little Nightmares III Pre-Order,E05707,137.2,2026-02,2026-02
Pre-Purchase Little Nightmares III Pre-Order,E05707,178.0,2026-03,2026-04
SAND LAND,E06114,298.0,2024-08,2025-01
SAND LAND,E06114,298.0,2025-03,2026-04
SAND LAND Deluxe Edition,E06272,348.0,2024-08,2025-01
SAND LAND Deluxe Edition,E06272,348.0,2025-03,2026-04
SCARLET NEXUS,E02985,328.0,2025-02,2025-02
SCARLET NEXUS,E03557,328.0,2024-08,2025-01
SCARLET NEXUS,E03557,328.0,2025-03,2026-04
SCARLET NEXUS Deluxe,E04727,398.0,2024-08,2024-10
SCARLET NEXUS Deluxe,E04727,398.0,2025-12,2025-12
SCARLET NEXUS Deluxe,E04727,398.0,2026-04,2026-04
SCARLET NEXUS Deluxe Edition,E02758,398.0,2025-04,2025-05
SCARLET NEXUS Deluxe Edition,E04727,398.0,2024-12,2025-03
SCARLET NEXUS Deluxe Edition,E04727,398.0,2025-06,2026-04
SCARLET NEXUS Ultimate Edition,E05643,518.0,2024-08,2026-04
SD GUNDAM BATTLE ALLIANCE,E03559,348.0,2024-08,2025-01
SD GUNDAM BATTLE ALLIANCE,E03559,348.0,2025-03,2026-04
SD GUNDAM BATTLE ALLIANCE - Deluxe Edition,E05472,498.0,2024-08,2026-04
SD GUNDAM G GENERATION CROSS RAY,E02985,198.0,2024-08,2024-10
SD GUNDAM G GENERATION CROSS RAY,E02985,198.0,2025-12,2025-12
SD GUNDAM G GENERATION CROSS RAY,E02985,198.0,2026-04,2026-04
SD GUNDAM G GENERATION CROSS RAY Platinum Edition,E06306,298.0,2024-08,2024-09
SD GUNDAM G GENERATION CROSS RAY Platinum Edition,E06306,298.0,2025-12,2025-12
SD GUNDAM G GENERATION CROSS RAY Platinum Edition,E06306,298.0,2026-04,2026-04
SD GUNDAM G GENERATION CROSS RAYS,E02985,198.0,2024-12,2026-04
SD GUNDAM G GENERATION CROSS RAYS Platinum Edition,E06306,298.0,2024-10,2026-04
SOULCALIBUR VI,E02875,298.0,2024-08,2026-04
SOULCALIBUR VI Deluxe Edition,E03123,448.0,2024-08,2025-01
SOULCALIBUR VI Deluxe Edition,E03123,448.0,2025-03,2026-04
SPY×ANYA: Operation Memories,E05697,248.0,2024-08,2025-03
SPY×ANYA: Operation Memories,E05697,248.0,2025-05,2026-04
SPY×ANYA: Operation Memories Deluxe Edition,E06533,348.0,2024-08,2024-10
SPY×ANYA: Operation Memories Deluxe Edition,E06533,348.0,2025-01,2025-04
SPY×ANYA: Operation Memories Deluxe Edition,E06533,348.0,2025-06,2026-04
SUPER ROBOT WARS X,E03632,248.0,2024-08,2026-04
SUPER ROBOT WARS Y,L00033,298.0,2025-07,2026-04
SUPER ROBOT WARS Y Deluxe Edition,L00034,498.0,2025-07,2026-04
SUPER ROBOT WARS Y Ultimate Edition,L00035,638.0,2025-07,2026-04
SWORD ART ONLINE Alicization Lycoris,E03060,298.0,2024-08,2026-02
SWORD ART ONLINE Alicization Lycoris,E03060,88.0,2026-03,2026-04
SWORD ART ONLINE Alicization Lycoris Deluxe,E03954,498.0,2024-10,2024-10
SWORD ART ONLINE Alicization Lycoris Deluxe,E03954,498.0,2025-10,2025-10
SWORD ART ONLINE Alicization Lycoris Deluxe,E03954,498.0,2026-01,2026-04
SWORD ART ONLINE Alicization Lycoris Deluxe Edition,E03954,498.0,2024-08,2024-09
SWORD ART ONLINE Alicization Lycoris Deluxe Edition,E03954,498.0,2024-12,2026-02
SWORD ART ONLINE Alicization Lycoris Deluxe Edition,E03954,248.0,2026-03,2026-03
SWORD ART ONLINE Alicization Lycoris Deluxe Edition,E03954,498.0,2026-04,2026-04
SWORD ART ONLINE Fractured Daydream,E06120,298.0,2024-08,2026-04
SWORD ART ONLINE Fractured Daydream,E06652,298.0,2025-04,2025-04
SWORD ART ONLINE Fractured Daydream Deluxe Edition,E06272,428.0,2025-04,2025-04
SWORD ART ONLINE Fractured Daydream Deluxe Edition,E06531,428.0,2024-08,2026-04
SWORD ART ONLINE Fractured Daydream Premium Edition,E03322,498.0,2025-02,2025-02
SWORD ART ONLINE Fractured Daydream Premium Edition,E06532,498.0,2024-08,2026-04
SWORD ART ONLINE Last Recollection,E05687,298.0,2024-08,2025-01
SWORD ART ONLINE Last Recollection,E05687,298.0,2025-03,2026-04
SWORD ART ONLINE Last Recollection Deluxe Edition,E06096,428.0,2024-08,2026-04
SYNDUALITY Echo of Ada,E05693,198.0,2025-01,2026-04
SYNDUALITY Echo of Ada Deluxe Edition,E06636,348.0,2024-12,2025-03
SYNDUALITY Echo of Ada Deluxe Edition,E06636,348.0,2025-06,2026-04
SYNDUALITY Echo of Ada Ultimate Edition,E06637,498.0,2025-01,2025-03
SYNDUALITY Echo of Ada Ultimate Edition,E06637,498.0,2025-05,2026-04
Shadow Labyrinth,E06972,148.0,2025-07,2026-04
Shadow Labyrinth - Deluxe Edition,L00032,198.0,2025-07,2026-04
Super Robot Wars 30,E04508,368.0,2024-08,2026-04
Super Robot Wars 30 Deluxe Edition,E05097,528.0,2025-11,2025-11
Super Robot Wars 30 Deluxe Edition,E05097,528.0,2026-01,2026-02
Super Robot Wars 30 Deluxe Edition,E05097,528.0,2026-04,2026-04
Super Robot Wars 30 Digital Deluxe Edition,E05097,528.0,2024-08,2026-04
Super Robot Wars 30 Ultimate Edition,E03954,678.0,2025-02,2025-02
Super Robot Wars 30 Ultimate Edition,E05098,678.0,2024-08,2025-01
Super Robot Wars 30 Ultimate Edition,E05098,678.0,2025-03,2026-04
Sword Art Online: Fatal Bullet,E02540,158.0,2024-08,2026-03
Sword Art Online: Fatal Bullet,E02540,88.0,2026-04,2026-04
Sword Art Online: Fatal Bullet - Complete Edition,E03322,301.5,2024-12,2024-12
Sword Art Online: Fatal Bullet - Complete Edition,E03322,450.0,2025-01,2025-02
Sword Art Online: Fatal Bullet - Complete Edition,E03322,301.5,2025-03,2025-03
Sword Art Online: Fatal Bullet - Complete Edition,E03322,450.0,2025-05,2025-06
Sword Art Online: Fatal Bullet - Complete Edition,E03322,301.5,2025-07,2026-03
Sword Art Online: Fatal Bullet - Complete Edition,E03322,146.0,2026-04,2026-04
Sword Art Online: Fatal Bullet Complete Edition,E03322,301.5,2024-08,2024-10
Sword Art Online: Fatal Bullet Complete Edition,E03322,302.0,2025-10,2025-11
Sword Art Online: Fatal Bullet Complete Edition,E03322,301.5,2025-12,2025-12
Sword Art Online: Fatal Bullet Complete Edition,E03322,302.0,2026-02,2026-04
Sword Art Online: Hollow Realization Deluxe Edition,E02310,278.0,2024-08,2025-01
Sword Art Online: Hollow Realization Deluxe Edition,E02310,278.0,2025-03,2026-04
Sword Art Online: Lost Song,E05372,88.0,2024-08,2026-04
TEKKEN 7,E02278,198.0,2024-08,2026-04
TEKKEN 7 - Originals Edition,E05647,398.0,2024-08,2026-04
TEKKEN 8,E05700,348.0,2024-08,2025-05
TEKKEN 8,E05700,248.0,2025-06,2026-03
TEKKEN 8,E05700,168.0,2026-04,2026-04
TEKKEN 8 - Advanced Edition,L00129,298.0,2026-01,2026-01
TEKKEN 8 - Advanced Edition,L00129,298.0,2026-03,2026-03
TEKKEN 8 - Deluxe Edition,E06226,498.0,2024-12,2025-05
TEKKEN 8 - Deluxe Edition,E06227,498.0,2024-12,2025-02
TEKKEN 8 - Ultimate Edition,E06227,548.0,2024-12,2025-05
TEKKEN 8 - Ultimate Edition,E06227,548.0,2025-07,2026-04
TEKKEN 8 - Ultimate Edition,E06534,548.0,2025-02,2025-02
TEKKEN 8 Advanced Edition,L00129,298.0,2025-12,2026-03
TEKKEN 8 Advanced Edition,L00129,198.0,2026-04,2026-04
TEKKEN 8 Deluxe Edition,E06226,498.0,2024-08,2024-10
TEKKEN 8 Deluxe Edition,E06226,498.0,2025-07,2026-04
TEKKEN 8 Season 2 Deluxe Edition,L00111,398.0,2025-12,2026-03
TEKKEN 8 Season 2 Deluxe Edition,L00111,348.0,2026-04,2026-04
TEKKEN 8 Season 2 Ultimate Edition,L00112,448.0,2025-12,2026-04
TEKKEN 8 Ultimate Edition,E06227,548.0,2024-08,2024-10
THE IDOLM@STER STARLIT SEASON,E03045,348.0,2024-10,2026-04
THE IDOLM@STER STARLIT SEASON Digital Deluxe Edition,E05096,498.0,2024-10,2026-04
THE IDOLMASTER STARLIT SEASON,E03045,348.0,2024-08,2024-09
THE IDOLMASTER STARLIT SEASON,E03045,348.0,2025-12,2025-12
THE IDOLMASTER STARLIT SEASON,E03045,348.0,2026-04,2026-04
THE IDOLMASTER STARLIT SEASON Deluxe Edition,E05096,498.0,2024-08,2024-09
THE IDOLMASTER STARLIT SEASON Deluxe Edition,E05096,498.0,2025-12,2025-12
THE IDOLMASTER STARLIT SEASON Deluxe Edition,E05096,498.0,2026-04,2026-04
Taiko no Tatsujin: Rhythm Festival,E06129,248.0,2024-12,2026-04
Taiko no Tatsujin: Rhythm Festival The Setlist Edition,E06635,348.0,2024-12,2026-04
Tales of Arise,E03024,198.0,2024-08,2026-04
Tales of Arise - Beyond the Dawn Deluxe Edition,E06161,398.0,2024-08,2026-04
Tales of Arise - Beyond the Dawn Edition,E06160,298.0,2024-08,2026-01
Tales of Arise - Beyond the Dawn Edition,E06160,168.0,2026-02,2026-04
Tales of Arise - Beyond the Dawn Expansion,E06168,178.0,2024-08,2026-04
Tales of Arise - Beyond the Dawn Ultimate Edition,E06162,498.0,2024-11,2026-04
Tales of Arise - Beyond the Dawn Ultimate Edition,E06168,498.0,2024-08,2024-10
Tales of Berseria,E02174,268.0,2024-08,2025-01
Tales of Berseria,E02174,268.0,2025-04,2025-04
Tales of Berseria,E02174,268.0,2025-06,2026-04
Tales of Berseria Remastered,L00438,198.0,2026-02,2026-04
Tales of Berseria Remastered Deluxe Edition,L00439,298.0,2026-02,2026-04
Tales of Graces f Remastered,E06381,198.0,2025-01,2026-04
Tales of Graces f Remastered Deluxe Edition,E06689,298.0,2025-01,2025-04
Tales of Graces f Remastered Deluxe Edition,E06689,298.0,2025-07,2026-04
Tales of Vesperia: Definitive Edition,E03191,258.0,2024-12,2026-04
Tales of Vesperia™: Definitive Edition,E03191,258.0,2024-08,2024-10
Tales of Vesperia™: Definitive Edition,E03191,258.0,2025-10,2026-02
Tales of Vesperia™: Definitive Edition,E03191,258.0,2026-04,2026-04
Tales of Xillia Remastered,E06124,198.0,2025-12,2026-04
Tales of Xillia Remastered Deluxe Edition,L00231,298.0,2025-12,2026-04
Tales of Zestiria,E01607,314.0,2024-08,2026-04
That Time I Got Reincarnated as a Slime ISEKAI Chronicles,E03566,248.0,2024-08,2024-11
That Time I Got Reincarnated as a Slime ISEKAI Chronicles,E03566,248.0,2025-03,2025-05
That Time I Got Reincarnated as a Slime ISEKAI Chronicles,E03566,248.0,2025-07,2026-04
That Time I Got Reincarnated as a Slime ISEKAI Chronicles Deluxe Edition,E06534,348.0,2025-01,2025-01
That Time I Got Reincarnated as a Slime ISEKAI Chronicles Deluxe Edition,E06534,348.0,2025-04,2026-04
That Time I Got Reincarnated as a Slime ISEKAI Chronicles Digital Deluxe Edition,E06534,348.0,2024-08,2024-10
That Time I Got Reincarnated as a Slime ISEKAI Chronicles Digital Deluxe Edition,E06534,348.0,2025-03,2025-04
That Time I Got Reincarnated as a Slime ISEKAI Chronicles Digital Deluxe Edition,E06534,348.0,2025-12,2025-12
That Time I Got Reincarnated as a Slime ISEKAI Chronicles Digital Deluxe Edition,E06534,348.0,2026-02,2026-02
That Time I Got Reincarnated as a Slime ISEKAI Chronicles Digital Deluxe Edition,E06534,348.0,2026-04,2026-04
Towa and the Guardians of the Sacred Tree,E06936,148.0,2025-12,2026-04
Towa and the Guardians of the Sacred Tree Deluxe Edition,E06936,198.0,2026-01,2026-01
Towa and the Guardians of the Sacred Tree Deluxe Edition,L00117,198.0,2025-12,2026-04
We Love Katamari REROLL+ Royal Reverie,E05071,148.0,2024-08,2025-04
We Love Katamari REROLL+ Royal Reverie,E05071,148.0,2025-06,2026-04
We Love Katamari REROLL+ Royal Reverie Special Edition,E06305,198.0,2024-08,2026-04
