Product Name,Normalized Name,SRP,currency,start_month,end_month,paxCode,Customer Reference
.hack//G.U. Last Recode,hack_g_u_last_recode,278.0,CNY,2024-08,2025-04,PAX0011204972,E05367
.hack//G.U. Last Recode,hack_g_u_last_recode,278.0,CNY,2025-06,,PAX0011204972,E05367
ACE COMBAT 7: SKIES UNKNOWN,ace_combat_7_skies_unknown,268.0,CNY,2024-08,,PAX0009836302,E03174
ACE COMBAT 8: WINGS OF THEVE,ace_combat_8_wings_of_theve,298.0,CNY,2026-06,,PAX0015391392,
ACE COMBAT 8: WINGS OF THEVE Digital Deluxe Edition,ace_combat_8_wings_of_theve_deluxe,398.0,CNY,2026-06,,,
ACE COMBAT™ 7: SKIES UNKNOWN - TOP GUN: Maverick Edition,ace_combat_7_skies_unknown_top_gun_maverick,368.0,CNY,2024-08,,PAX0012537704,E05445
ACE COMBAT™ 7: SKIES UNKNOWN - TOP GUN: Maverick Ultimate Edition,ace_combat_7_skies_unknown_top_gun_maverick_ultimate,498.0,CNY,2024-08,,,E05444
ARMORED CORE VI FIRES OF RUBICON Deluxe Edition,armored_core_vi_fires_of_rubicon_deluxe,348.0,CNY,2024-08,,PAX0013069260,E05838
ARMORED CORE VI FIRES OF RUBICON Standard Edition,armored_core_vi_fires_of_rubicon,298.0,CNY,2024-08,,PAX0013077488,E05837
Accel World VS. Sword Art Online Deluxe Edition,accel_world_vs_sword_art_online_deluxe,278.0,CNY,2024-08,2026-05,PAX0009526222,E02452
Accel World VS. Sword Art Online Deluxe Edition,accel_world_vs_sword_art_online_deluxe,138.0,CNY,2026-06,,PAX0009526222,E02452
BLACK CLOVER: QUARTET KNIGHTS,black_clover_quartet_knights,268.0,CNY,2024-08,,PAX0009950542,E02895
BLACK CLOVER: QUARTET KNIGHTS Deluxe Edition,black_clover_quartet_knights_deluxe,288.0,CNY,2024-08,,PAX0009950610,E02950
BLEACH Rebirth of Souls,bleach_rebirth_of_souls,298.0,CNY,2025-03,,PAX0014038022,E06132
BLEACH Rebirth of Souls Deluxe Edition,bleach_rebirth_of_souls_deluxe,398.0,CNY,2025-03,,,E06690
BLEACH Rebirth of Souls Ultimate Edition,bleach_rebirth_of_souls_ultimate,498.0,CNY,2025-03,,,E06691
Baten Kaitos I & II HD Remaster,baten_kaitos_i_ii_hd_remaster,248.0,CNY,2024-12,2024-12,PAX0014235936,E06117
Baten Kaitos I & II HD Remaster,baten_kaitos_i_ii_hd_remaster,248.0,CNY,2025-02,,PAX0014235936,E06117
CAPTAIN TSUBASA 2: WORLD FIGHTERS - Deluxe Edition,captain_tsubasa_2_world_fighters_deluxe,348.0,CNY,2026-06,,,
CAPTAIN TSUBASA 2: WORLD FIGHTERS - Ultimate Edition,captain_tsubasa_2_world_fighters_ultimate,398.0,CNY,2026-06,,,
CODE VEIN,code_vein,268.0,CNY,2024-08,,PAX0010324338,E03009
CODE VEIN Deluxe Edition,code_vein_deluxe,368.0,CNY,2024-08,,PAX0011496930,E03483
CODE VEIN II,code_vein_ii,268.0,CNY,2026-01,,PAX0014842054,L00239
CODE VEIN II Deluxe Edition,code_vein_ii_deluxe,398.0,CNY,2026-01,,PAX0015167434,L00240
CODE VEIN II Ultimate Edition,code_vein_ii_ultimate,468.0,CNY,2026-01,,PAX0015167570,L00241
Captain Tsubasa: Rise of New Champions,captain_tsubasa_rise_of_new_champions,198.0,CNY,2024-08,,PAX0010849876,E03350
Captain Tsubasa: Rise of New Champions - Deluxe Edition,captain_tsubasa_rise_of_new_champions_deluxe,298.0,CNY,2024-08,,PAX0010849944,E04120
Captain Tsubasa: Rise of New Champions - Ultimate Edition,captain_tsubasa_rise_of_new_champions_ultimate,398.0,CNY,2024-08,,PAX0014008034,E06275
DARK SOULS III,dark_souls_iii,268.0,CNY,2024-08,,PAX0007785082,E01572
DARK SOULS III - Season Pass,dark_souls_iii_season_pass,138.0,CNY,2024-08,,PAX0007947534,E01893
DARK SOULS III Deluxe Edition,dark_souls_iii_deluxe,398.0,CNY,2024-08,,PAX0009513030,E02323
DARK SOULS: REMASTERED,dark_souls_remastered,198.0,CNY,2024-08,,PAX0009575522,E02716
DARK SOULS™ II: Scholar of the First Sin,dark_souls_ii_scholar_of_the_first_sin,198.0,CNY,2024-08,2025-02,PAX0006971122,E01927
DARK SOULS™ II: Scholar of the First Sin,dark_souls_ii_scholar_of_the_first_sin,158.0,CNY,2025-03,2025-03,PAX0006971122,E01927
DARK SOULS™ II: Scholar of the First Sin,dark_souls_ii_scholar_of_the_first_sin,198.0,CNY,2025-04,2025-11,PAX0006971122,E01927
DARK SOULS™ II: Scholar of the First Sin,dark_souls_ii_scholar_of_the_first_sin,158.0,CNY,2025-12,2025-12,PAX0006971122,E01927
DARK SOULS™ II: Scholar of the First Sin,dark_souls_ii_scholar_of_the_first_sin,198.0,CNY,2026-01,2026-03,PAX0006971122,E01927
DARK SOULS™ II: Scholar of the First Sin,dark_souls_ii_scholar_of_the_first_sin,158.0,CNY,2026-04,,PAX0006971122,E01927
DEATH NOTE Killer Within,death_note_killer_within,48.0,CNY,2024-11,,,E06643
DEATH NOTE Killer Within - Deluxe Edition,death_note_killer_within_deluxe,98.0,CNY,2024-11,2024-11,,
DEATH NOTE Killer Within Special Edition,death_note_killer_within_special,98.0,CNY,2024-12,2025-03,,E06646
DEATH NOTE Killer Within Special Edition,death_note_killer_within_special,98.0,CNY,2025-06,,,E06646
DORAEMON STORY OF SEASONS,doraemon_story_of_seasons,228.0,CNY,2024-08,,PAX0010731760,E03496
DORAEMON STORY OF SEASONS: Friends of the Great Kingdom,doraemon_story_of_seasons_friends_of_the_great_kingdom,248.0,CNY,2024-08,,PAX0012561776,E05019
DORAEMON STORY OF SEASONS: Friends of the Great Kingdom Deluxe Edition,doraemon_story_of_seasons_friends_of_the_great_kingdom_deluxe,348.0,CNY,2024-08,,,E05733
DRAGON BALL FighterZ,dragon_ball_fighterz,198.0,CNY,2024-08,2024-11,PAX0009332320,E02533
DRAGON BALL FighterZ,dragon_ball_fighterz,198.0,CNY,2025-01,,PAX0009332320,E02533
DRAGON BALL FighterZ - FighterZ Edition,dragon_ball_fighterz_fighterz,298.0,CNY,2024-08,,PAX0009410826,E02595
DRAGON BALL FighterZ - Legendary Edition,dragon_ball_fighterz_legendary,398.0,CNY,2024-08,,PAX0013747526,E02596
DRAGON BALL XENOVERSE 2,dragon_ball_xenoverse_2,98.0,CNY,2024-08,,PAX0008452536,E02035
DRAGON BALL XENOVERSE 2 Deluxe Edition,dragon_ball_xenoverse_2_deluxe,198.0,CNY,2024-08,,PAX0012760472,E02036
DRAGON BALL XENOVERSE 2 Special Edition,dragon_ball_xenoverse_2_special,248.0,CNY,2024-08,,,E06308
DRAGON BALL Z : KAKAROT - MASTER EDITION,dragon_ball_z_kakarot_master,398.0,CNY,2025-09,,,L00114
DRAGON BALL Z: KAKAROT,dragon_ball_z_kakarot,298.0,CNY,2024-08,2025-07,PAX0010474210,E03005
DRAGON BALL Z: KAKAROT,dragon_ball_z_kakarot,88.0,CNY,2025-08,,PAX0010474210,E03005
DRAGON BALL Z: KAKAROT - DAIMA EDITION,dragon_ball_z_kakarot_daima,198.0,CNY,2025-09,,PAX0015502742,L00113
DRAGON BALL Z: KAKAROT Deluxe Edition,dragon_ball_z_kakarot_deluxe,398.0,CNY,2024-08,,PAX0010489986,E03730
DRAGON BALL Z: KAKAROT Legendary Edition,dragon_ball_z_kakarot_legendary,498.0,CNY,2024-08,,PAX0012673398,E06163
DRAGON BALL: Sparking! ZERO,dragon_ball_sparking_zero,298.0,CNY,2024-10,,PAX0013753680,E06127
DRAGON BALL: Sparking! ZERO Deluxe Edition,dragon_ball_sparking_zero_deluxe,478.0,CNY,2024-10,,PAX0013795602,E06634
DRAGON BALL: Sparking! ZERO Ultimate Edition,dragon_ball_sparking_zero_ultimate,538.0,CNY,2024-10,,PAX0014117378,E06655
DRAGON BALL: THE BREAKERS,dragon_ball_the_breakers,98.0,CNY,2024-08,2024-11,PAX0012529510,E05011
DRAGON BALL: THE BREAKERS,dragon_ball_the_breakers,98.0,CNY,2025-01,,PAX0012529510,E05011
DRAGON BALL: THE BREAKERS Special Edition,dragon_ball_the_breakers_special,148.0,CNY,2024-08,2024-11,PAX0012527878,E05644
DRAGON BALL: THE BREAKERS Special Edition,dragon_ball_the_breakers_special,148.0,CNY,2025-03,,PAX0012527878,E05644
Digimon Story Cyber Sleuth: Complete Edition,digimon_story_cyber_sleuth_complete,228.0,CNY,2024-08,2025-04,PAX0010995022,E05368
Digimon Story Cyber Sleuth: Complete Edition,digimon_story_cyber_sleuth_complete,228.0,CNY,2025-06,,PAX0010995022,E05368
Digimon Story Time Stranger,digimon_story_time_stranger,298.0,CNY,2025-07,,PAX0014830086,E03053
Digimon Story Time Stranger Deluxe Edition,digimon_story_time_stranger_deluxe,448.0,CNY,2025-07,,PAX0014928822,L00115
Digimon Story Time Stranger Ultimate Edition,digimon_story_time_stranger_ultimate,548.0,CNY,2025-07,,PAX0014928856,L00116
Digimon Survive,digimon_survive,298.0,CNY,2024-08,,PAX0012413910,E05471
Digimon World: Next Order,digimon_world_next_order,248.0,CNY,2024-08,2024-11,PAX0012723344,E04521
Digimon World: Next Order,digimon_world_next_order,248.0,CNY,2025-01,2025-01,PAX0012723344,E04521
Digimon World: Next Order,digimon_world_next_order,248.0,CNY,2025-03,2025-04,PAX0012723344,E04521
Digimon World: Next Order,digimon_world_next_order,248.0,CNY,2025-06,,PAX0012723344,E04521
EVERYBODY'S GOLF HOT SHOTS,everybody_s_golf_hot_shots,178.0,CNY,2025-07,,PAX0014836172,L00036
Echoes of Aincrad,echoes_of_aincrad,268.0,CNY,2026-06,,PAX0015999822,
Echoes of Aincrad Deluxe Edition,echoes_of_aincrad_deluxe,368.0,CNY,2026-06,,PAX0016000162,
Echoes of Aincrad Ultimate Edition,echoes_of_aincrad_ultimate,498.0,CNY,2026-06,,PAX0016000264,
FREEDOM WARS Remastered,freedom_wars_remastered,198.0,CNY,2025-07,,PAX0014175688,E06517
GOD EATER 2 Rage Burst,god_eater_2_rage_burst,268.0,CNY,2024-08,2025-04,PAX0009309268,E05369
GOD EATER 2 Rage Burst,god_eater_2_rage_burst,268.0,CNY,2025-06,,PAX0009309268,E05369
GOD EATER 3,god_eater_3,268.0,CNY,2024-08,2025-04,PAX0009956560,E03177
GOD EATER 3,god_eater_3,268.0,CNY,2025-06,,PAX0009956560,E03177
GUNDAM BREAKER 4,gundam_breaker_4,298.0,CNY,2024-08,,PAX0013798832,E04524
GUNDAM BREAKER 4 Deluxe Edition,gundam_breaker_4_deluxe,448.0,CNY,2024-08,,PAX0013986614,E06529
GUNDAM BREAKER 4 Ultimate Edition,gundam_breaker_4_ultimate,498.0,CNY,2024-08,,PAX0013986716,E06530
JoJo's Bizarre Adventure: All-Star Battle R,jojo_s_bizarre_adventure_all_star_battle_r,248.0,CNY,2024-08,2025-01,PAX0012435840,E03528
JoJo's Bizarre Adventure: All-Star Battle R,jojo_s_bizarre_adventure_all_star_battle_r,248.0,CNY,2025-03,2025-04,PAX0012435840,E03528
JoJo's Bizarre Adventure: All-Star Battle R,jojo_s_bizarre_adventure_all_star_battle_r,248.0,CNY,2025-06,,PAX0012435840,E03528
JoJo's Bizarre Adventure: All-Star Battle R Deluxe Edition,jojo_s_bizarre_adventure_all_star_battle_r_deluxe,348.0,CNY,2024-08,,PAX0013153750,E05524
JoJo's Bizarre Adventure: All-Star Battle R Ultimate Edition,jojo_s_bizarre_adventure_all_star_battle_r_ultimate,428.0,CNY,2024-08,2025-05,PAX0013456282,E06307
JoJo's Bizarre Adventure: All-Star Battle R Ultimate Edition,jojo_s_bizarre_adventure_all_star_battle_r_ultimate,428.0,CNY,2025-07,,PAX0013456282,E06307
Jujutsu Kaisen Cursed Clash,jujutsu_kaisen_cursed_clash,298.0,CNY,2024-08,2024-11,PAX0013412422,E05703
Jujutsu Kaisen Cursed Clash,jujutsu_kaisen_cursed_clash,298.0,CNY,2025-02,,PAX0013412422,E05703
Jujutsu Kaisen Cursed Clash Deluxe Edition,jujutsu_kaisen_cursed_clash_deluxe,398.0,CNY,2024-08,2025-01,PAX0014089430,E06213
Jujutsu Kaisen Cursed Clash Deluxe Edition,jujutsu_kaisen_cursed_clash_deluxe,398.0,CNY,2025-03,2025-03,PAX0014089430,E06213
Jujutsu Kaisen Cursed Clash Deluxe Edition,jujutsu_kaisen_cursed_clash_deluxe,398.0,CNY,2025-06,,PAX0014089430,E06213
Jujutsu Kaisen Cursed Clash Ultimate Edition,jujutsu_kaisen_cursed_clash_ultimate,498.0,CNY,2024-08,2024-11,PAX0013436800,E06212
Jujutsu Kaisen Cursed Clash Ultimate Edition,jujutsu_kaisen_cursed_clash_ultimate,498.0,CNY,2025-01,2025-01,PAX0013436800,E06212
Jujutsu Kaisen Cursed Clash Ultimate Edition,jujutsu_kaisen_cursed_clash_ultimate,498.0,CNY,2025-03,2025-03,PAX0013436800,E06212
Jujutsu Kaisen Cursed Clash Ultimate Edition,jujutsu_kaisen_cursed_clash_ultimate,498.0,CNY,2025-05,,PAX0013436800,E06212
Klonoa Phantasy Reverie Series,klonoa_phantasy_reverie_series,198.0,CNY,2024-08,2024-11,PAX0012403812,E04522
Klonoa Phantasy Reverie Series,klonoa_phantasy_reverie_series,198.0,CNY,2025-01,,PAX0012403812,E04522
Little Nightmares III,little_nightmares_iii,182.28,CNY,2025-07,2025-09,PAX0013475322,E05707
Little Nightmares III,little_nightmares_iii,178.0,CNY,2025-10,,PAX0013475322,E05707
Little Nightmares III Deluxe Edition,little_nightmares_iii_deluxe,300.96,CNY,2025-07,2025-09,PAX0015081176,L00119
Little Nightmares III Deluxe Edition,little_nightmares_iii_deluxe,268.0,CNY,2025-10,,PAX0015081176,L00119
Little Nightmares VR: Altered Echoes,little_nightmares_vr_altered_echoes,118.0,CNY,2026-05,,PAX0015766480,L51736
MOBILE SUIT GUNDAM SEED BATTLE DESTINY REMASTERED,mobile_suit_gundam_seed_battle_destiny_remastered,198.0,CNY,2025-05,,PAX0014731554,E06942
NARUTO SHIPPUDEN: Ultimate Ninja STORM 2,naruto_shippuden_ultimate_ninja_storm_2,108.0,CNY,2024-08,2024-11,PAX0010567030,E05373
NARUTO SHIPPUDEN: Ultimate Ninja STORM 2,naruto_shippuden_ultimate_ninja_storm_2,108.0,CNY,2025-03,2025-03,PAX0010567030,E05373
NARUTO SHIPPUDEN: Ultimate Ninja STORM 2,naruto_shippuden_ultimate_ninja_storm_2,108.0,CNY,2025-06,,PAX0010567030,E05373
NARUTO SHIPPUDEN: Ultimate Ninja STORM 4,naruto_shippuden_ultimate_ninja_storm_4,98.0,CNY,2024-08,,PAX0007774372,E01592
NARUTO SHIPPUDEN: Ultimate Ninja STORM 4 Road to Boruto,naruto_shippuden_ultimate_ninja_storm_4_road_to_boruto,266.4,CNY,2024-08,2024-12,PAX0011492170,E04555
NARUTO SHIPPUDEN: Ultimate Ninja STORM 4 Road to Boruto,naruto_shippuden_ultimate_ninja_storm_4_road_to_boruto,360.0,CNY,2025-01,2025-02,PAX0011492170,E04555
NARUTO SHIPPUDEN: Ultimate Ninja STORM 4 Road to Boruto,naruto_shippuden_ultimate_ninja_storm_4_road_to_boruto,266.4,CNY,2025-03,2025-04,PAX0011492170,E04555
NARUTO SHIPPUDEN: Ultimate Ninja STORM 4 Road to Boruto,naruto_shippuden_ultimate_ninja_storm_4_road_to_boruto,360.0,CNY,2025-05,2025-06,PAX0011492170,E04555
NARUTO SHIPPUDEN: Ultimate Ninja STORM 4 Road to Boruto,naruto_shippuden_ultimate_ninja_storm_4_road_to_boruto,266.0,CNY,2025-07,2025-07,PAX0011492170,E04555
NARUTO SHIPPUDEN: Ultimate Ninja STORM 4 Road to Boruto,naruto_shippuden_ultimate_ninja_storm_4_road_to_boruto,360.0,CNY,2025-08,2025-08,PAX0011492170,E04555
NARUTO SHIPPUDEN: Ultimate Ninja STORM 4 Road to Boruto,naruto_shippuden_ultimate_ninja_storm_4_road_to_boruto,266.4,CNY,2025-09,2025-09,PAX0011492170,E04555
NARUTO SHIPPUDEN: Ultimate Ninja STORM 4 Road to Boruto,naruto_shippuden_ultimate_ninja_storm_4_road_to_boruto,360.0,CNY,2025-10,2025-11,PAX0011492170,E04555
NARUTO SHIPPUDEN: Ultimate Ninja STORM 4 Road to Boruto,naruto_shippuden_ultimate_ninja_storm_4_road_to_boruto,266.4,CNY,2025-12,2026-02,PAX0011492170,E04555
NARUTO SHIPPUDEN: Ultimate Ninja STORM 4 Road to Boruto,naruto_shippuden_ultimate_ninja_storm_4_road_to_boruto,360.0,CNY,2026-03,2026-03,PAX0011492170,E04555
NARUTO SHIPPUDEN: Ultimate Ninja STORM 4 Road to Boruto,naruto_shippuden_ultimate_ninja_storm_4_road_to_boruto,266.4,CNY,2026-04,,PAX0011492170,E04555
NARUTO SHIPPUDEN: Ultimate Ninja STORM Legacy,naruto_shippuden_ultimate_ninja_storm_legacy,376.2,CNY,2024-08,2024-10,PAX0015827680,E05371
NARUTO SHIPPUDEN: Ultimate Ninja STORM Legacy,naruto_shippuden_ultimate_ninja_storm_legacy,684.0,CNY,2024-11,2024-11,PAX0015827680,E05371
NARUTO SHIPPUDEN: Ultimate Ninja STORM Legacy,naruto_shippuden_ultimate_ninja_storm_legacy,376.2,CNY,2024-12,2024-12,PAX0015827680,E05371
NARUTO SHIPPUDEN: Ultimate Ninja STORM Legacy,naruto_shippuden_ultimate_ninja_storm_legacy,684.0,CNY,2025-01,2025-02,PAX0015827680,E05371
NARUTO SHIPPUDEN: Ultimate Ninja STORM Legacy,naruto_shippuden_ultimate_ninja_storm_legacy,376.2,CNY,2025-03,2025-04,PAX0015827680,E05371
NARUTO SHIPPUDEN: Ultimate Ninja STORM Legacy,naruto_shippuden_ultimate_ninja_storm_legacy,684.0,CNY,2025-05,2025-06,PAX0015827680,E05371
NARUTO SHIPPUDEN: Ultimate Ninja STORM Legacy,naruto_shippuden_ultimate_ninja_storm_legacy,376.0,CNY,2025-07,2025-07,PAX0015827680,E05371
NARUTO SHIPPUDEN: Ultimate Ninja STORM Legacy,naruto_shippuden_ultimate_ninja_storm_legacy,684.0,CNY,2025-08,2025-08,PAX0015827680,E05371
NARUTO SHIPPUDEN: Ultimate Ninja STORM Legacy,naruto_shippuden_ultimate_ninja_storm_legacy,376.2,CNY,2025-09,2025-09,PAX0015827680,E05371
NARUTO SHIPPUDEN: Ultimate Ninja STORM Legacy,naruto_shippuden_ultimate_ninja_storm_legacy,684.0,CNY,2025-10,2025-11,PAX0015827680,E05371
NARUTO SHIPPUDEN: Ultimate Ninja STORM Legacy,naruto_shippuden_ultimate_ninja_storm_legacy,376.2,CNY,2025-12,2026-01,PAX0015827680,E05371
NARUTO SHIPPUDEN: Ultimate Ninja STORM Legacy,naruto_shippuden_ultimate_ninja_storm_legacy,376.4,CNY,2026-02,2026-02,PAX0015827680,E05371
NARUTO SHIPPUDEN: Ultimate Ninja STORM Legacy,naruto_shippuden_ultimate_ninja_storm_legacy,684.0,CNY,2026-03,2026-03,PAX0015827680,E05371
NARUTO SHIPPUDEN: Ultimate Ninja STORM Legacy,naruto_shippuden_ultimate_ninja_storm_legacy,376.2,CNY,2026-04,,PAX0015827680,E05371
NARUTO SHIPPUDEN: Ultimate Ninja STORM Trilogy,naruto_shippuden_ultimate_ninja_storm_trilogy,217.08,CNY,2024-08,2024-11,PAX0009772144,E05387
NARUTO SHIPPUDEN: Ultimate Ninja STORM Trilogy,naruto_shippuden_ultimate_ninja_storm_trilogy,324.0,CNY,2025-01,2025-01,PAX0009772144,E05387
NARUTO SHIPPUDEN: Ultimate Ninja STORM Trilogy,naruto_shippuden_ultimate_ninja_storm_trilogy,217.08,CNY,2025-03,2025-04,PAX0009772144,E05387
NARUTO SHIPPUDEN: Ultimate Ninja STORM Trilogy,naruto_shippuden_ultimate_ninja_storm_trilogy,324.0,CNY,2025-05,2025-07,PAX0009772144,E05387
NARUTO SHIPPUDEN: Ultimate Ninja STORM Trilogy,naruto_shippuden_ultimate_ninja_storm_trilogy,217.08,CNY,2025-08,2025-09,PAX0009772144,E05387
NARUTO SHIPPUDEN: Ultimate Ninja STORM Trilogy,naruto_shippuden_ultimate_ninja_storm_trilogy,324.0,CNY,2025-10,2025-11,PAX0009772144,E05387
NARUTO SHIPPUDEN: Ultimate Ninja STORM Trilogy,naruto_shippuden_ultimate_ninja_storm_trilogy,217.08,CNY,2025-12,2026-02,PAX0009772144,E05387
NARUTO SHIPPUDEN: Ultimate Ninja STORM Trilogy,naruto_shippuden_ultimate_ninja_storm_trilogy,217.0,CNY,2026-03,2026-04,PAX0009772144,E05387
NARUTO SHIPPUDEN: Ultimate Ninja STORM Trilogy,naruto_shippuden_ultimate_ninja_storm_trilogy,217.08,CNY,2026-05,2026-05,PAX0009772144,E05387
NARUTO SHIPPUDEN: Ultimate Ninja STORM Trilogy,naruto_shippuden_ultimate_ninja_storm_trilogy,217.0,CNY,2026-06,,PAX0009772144,E05387
NARUTO TO BORUTO: SHINOBI STRIKER,naruto_to_boruto_shinobi_striker,98.0,CNY,2024-08,2024-12,PAX0009688844,E02855
NARUTO TO BORUTO: SHINOBI STRIKER,naruto_to_boruto_shinobi_striker,98.0,CNY,2025-02,,PAX0009688844,E02855
NARUTO TO BORUTO: SHINOBI STRIKER Deluxe Edition,naruto_to_boruto_shinobi_striker_deluxe,198.0,CNY,2024-08,2024-11,PAX0009966964,E02942
NARUTO TO BORUTO: SHINOBI STRIKER Deluxe Edition,naruto_to_boruto_shinobi_striker_deluxe,198.0,CNY,2025-01,2025-01,PAX0009966964,E02942
NARUTO TO BORUTO: SHINOBI STRIKER Deluxe Edition,naruto_to_boruto_shinobi_striker_deluxe,198.0,CNY,2025-03,,PAX0009966964,E02942
NARUTO TO BORUTO: SHINOBI STRIKER Ultimate Edition,naruto_to_boruto_shinobi_striker_ultimate,398.0,CNY,2024-08,2024-11,,E06292
NARUTO TO BORUTO: SHINOBI STRIKER Ultimate Edition,naruto_to_boruto_shinobi_striker_ultimate,398.0,CNY,2025-01,,,E06292
NARUTO X BORUTO Ultimate Ninja STORM CONNECTIONS,naruto_x_boruto_ultimate_ninja_storm_connections,298.0,CNY,2024-08,,PAX0013555324,E03049
NARUTO X BORUTO Ultimate Ninja STORM CONNECTIONS Deluxe Edition,naruto_x_boruto_ultimate_ninja_storm_connections_deluxe,428.0,CNY,2024-08,,,E06164
NARUTO X BORUTO Ultimate Ninja STORM CONNECTIONS Ultimate Edition,naruto_x_boruto_ultimate_ninja_storm_connections_ultimate,468.0,CNY,2024-08,,,E06165
NARUTO: Ultimate Ninja STORM,naruto_ultimate_ninja_storm,108.0,CNY,2024-08,2024-11,PAX0010567064,E05386
NARUTO: Ultimate Ninja STORM,naruto_ultimate_ninja_storm,108.0,CNY,2025-02,,PAX0010567064,E05386
Naruto Shippuden Ultimate Ninja Storm 3 - EU Version,naruto_shippuden_ultimate_ninja_storm_3_eu_version,108.0,CNY,2025-07,2025-07,,
New Gundam Breaker,new_gundam_breaker,268.0,CNY,2024-08,2024-11,PAX0009974784,E02758
New Gundam Breaker,new_gundam_breaker,268.0,CNY,2025-01,2025-01,PAX0009974784,E02758
New Gundam Breaker,new_gundam_breaker,268.0,CNY,2025-03,2025-04,PAX0009974784,E02758
New Gundam Breaker,new_gundam_breaker,268.0,CNY,2025-06,,PAX0009974784,E02758
ONE PIECE BURNING BLOOD,one_piece_burning_blood,268.0,CNY,2024-08,2024-11,PAX0009056410,E01970
ONE PIECE BURNING BLOOD,one_piece_burning_blood,268.0,CNY,2025-03,,PAX0009056410,E01970
ONE PIECE BURNING BLOOD GOLD Edition,one_piece_burning_blood_gold,402.0,CNY,2024-08,,PAX0010475706,E05642
ONE PIECE ODYSSEY,one_piece_odyssey,298.0,CNY,2024-08,2025-01,PAX0012652998,E05083
ONE PIECE ODYSSEY,one_piece_odyssey,298.0,CNY,2025-03,2025-03,PAX0012652998,E05083
ONE PIECE ODYSSEY,one_piece_odyssey,298.0,CNY,2025-05,2025-05,PAX0012652998,E05083
ONE PIECE ODYSSEY,one_piece_odyssey,198.0,CNY,2025-06,2025-12,PAX0012652998,E05083
ONE PIECE ODYSSEY,one_piece_odyssey,298.0,CNY,2026-01,2026-01,PAX0012652998,E05083
ONE PIECE ODYSSEY,one_piece_odyssey,198.0,CNY,2026-02,,PAX0012652998,E05083
ONE PIECE ODYSSEY Deluxe Edition,one_piece_odyssey_deluxe,428.0,CNY,2024-08,2024-12,PAX0012673432,E05788
ONE PIECE ODYSSEY Deluxe Edition,one_piece_odyssey_deluxe,428.0,CNY,2025-03,2025-05,PAX0012673432,E05788
ONE PIECE ODYSSEY Deluxe Edition,one_piece_odyssey_deluxe,248.0,CNY,2025-06,2025-06,PAX0012673432,E05788
ONE PIECE ODYSSEY Deluxe Edition,one_piece_odyssey_deluxe,428.0,CNY,2025-07,2025-07,PAX0012673432,E05788
ONE PIECE ODYSSEY Deluxe Edition,one_piece_odyssey_deluxe,248.0,CNY,2025-08,,PAX0012673432,E05788
ONE PIECE WORLD SEEKER,one_piece_world_seeker,268.0,CNY,2024-08,2024-11,PAX0009975226,E03295
ONE PIECE WORLD SEEKER,one_piece_world_seeker,268.0,CNY,2025-01,2025-01,PAX0009975226,E03295
ONE PIECE WORLD SEEKER,one_piece_world_seeker,268.0,CNY,2025-03,,PAX0009975226,E03295
ONE PIECE WORLD SEEKER Deluxe Edition,one_piece_world_seeker_deluxe,328.0,CNY,2024-08,2024-11,PAX0010423108,E03367
ONE PIECE WORLD SEEKER Deluxe Edition,one_piece_world_seeker_deluxe,328.0,CNY,2025-01,2025-01,PAX0010423108,E03367
ONE PIECE WORLD SEEKER Deluxe Edition,one_piece_world_seeker_deluxe,328.0,CNY,2025-03,,PAX0010423108,E03367
ONE PIECE: PIRATE WARRIORS 4,one_piece_pirate_warriors_4,198.0,CNY,2024-08,2024-11,PAX0010605960,E02973
ONE PIECE: PIRATE WARRIORS 4,one_piece_pirate_warriors_4,198.0,CNY,2025-01,2026-01,PAX0010605960,E02973
ONE PIECE: PIRATE WARRIORS 4,one_piece_pirate_warriors_4,178.0,CNY,2026-02,,PAX0010605960,E02973
ONE PIECE: PIRATE WARRIORS 4 Deluxe Edition,one_piece_pirate_warriors_4_deluxe,348.0,CNY,2024-08,,PAX0010640946,E03825
ONE PIECE: PIRATE WARRIORS 4 Legendary Edition,one_piece_pirate_warriors_4_legendary,398.0,CNY,2026-01,,,L00434
ONE PIECE: PIRATE WARRIORS 4 Ultimate Edition,one_piece_pirate_warriors_4_ultimate,448.0,CNY,2024-08,2026-01,,E06098
ONE PIECE: PIRATE WARRIORS 4 Ultimate Edition,one_piece_pirate_warriors_4_ultimate,298.0,CNY,2026-02,,,E06098
ONE PUNCH MAN: A HERO NOBODY KNOWS,one_punch_man_a_hero_nobody_knows,268.0,CNY,2024-08,,PAX0010593278,E02997
Once Upon A KATAMARI,once_upon_a_katamari,178.0,CNY,2025-11,,PAX0014976150,E06970
Once Upon A KATAMARI - King of All Sounds Edition,once_upon_a_katamari_king_of_all_sounds,268.0,CNY,2025-11,2025-12,,L00120
Once Upon A KATAMARI - King of All Sounds Edition,once_upon_a_katamari_king_of_all_sounds,268.0,CNY,2026-02,,,L00120
PAC-MAN Mega Tunnel Battle: Chomp Champs,pac_man_mega_tunnel_battle_chomp_champs,98.0,CNY,2025-03,,PAX0013651816,E06649
PAC-MAN Mega Tunnel Battle: Chomp Champs - Deluxe Edition,pac_man_mega_tunnel_battle_chomp_champs_deluxe,148.0,CNY,2025-01,2025-01,,E06652
PAC-MAN Mega Tunnel Battle: Chomp Champs - Deluxe Edition,pac_man_mega_tunnel_battle_chomp_champs_deluxe,148.0,CNY,2025-03,,,E06652
PAC-MAN WORLD 2 Re-PAC,pac_man_world_2_re_pac,138.0,CNY,2025-09,2025-11,PAX0014976422,E06971
PAC-MAN WORLD 2 Re-PAC,pac_man_world_2_re_pac,138.0,CNY,2026-03,2026-03,PAX0014976422,E06971
PAC-MAN WORLD 2 Re-PAC,pac_man_world_2_re_pac,138.0,CNY,2026-05,,PAX0014976422,E06971
PAC-MAN WORLD 2 Re-PAC Deluxe Edition,pac_man_world_2_re_pac_deluxe,178.0,CNY,2025-09,2025-10,,L00118
PAC-MAN WORLD 2 Re-PAC Deluxe Edition,pac_man_world_2_re_pac_deluxe,178.0,CNY,2026-02,2026-03,,L00118
PAC-MAN WORLD 2 Re-PAC Deluxe Edition,pac_man_world_2_re_pac_deluxe,178.0,CNY,2026-05,,,L00118
PATAPON 1+2 REPLAY,patapon_1_2_replay,138.0,CNY,2025-07,,PAX0014894210,E06134
Park Beyond,park_beyond,128.0,CNY,2024-08,2024-10,PAX0012897084,E04538
Park Beyond,park_beyond,248.0,CNY,2024-11,2024-11,PAX0012897084,E04538
Park Beyond,park_beyond,128.0,CNY,2025-07,,PAX0012897084,E04538
SAND LAND,sand_land,298.0,CNY,2024-08,2025-01,PAX0013449516,E06114
SAND LAND,sand_land,298.0,CNY,2025-03,,PAX0013449516,E06114
SAND LAND Deluxe Edition,sand_land_deluxe,348.0,CNY,2024-08,2025-01,,E06272
SAND LAND Deluxe Edition,sand_land_deluxe,348.0,CNY,2025-03,,,E06272
SCARLET NEXUS,scarlet_nexus,328.0,CNY,2024-08,,PAX0011642280,E03557
SCARLET NEXUS Deluxe Edition,scarlet_nexus_deluxe,398.0,CNY,2024-08,,PAX0011642246,E04727
SCARLET NEXUS Ultimate Edition,scarlet_nexus_ultimate,518.0,CNY,2024-08,,,E05643
SD GUNDAM BATTLE ALLIANCE,sd_gundam_battle_alliance,348.0,CNY,2024-08,2025-01,PAX0012417582,E03559
SD GUNDAM BATTLE ALLIANCE,sd_gundam_battle_alliance,348.0,CNY,2025-03,,PAX0012417582,E03559
SD GUNDAM BATTLE ALLIANCE - Deluxe Edition,sd_gundam_battle_alliance_deluxe,498.0,CNY,2024-08,,,E05472
SD GUNDAM G GENERATION CROSS RAYS,sd_gundam_g_generation_cross_rays,198.0,CNY,2024-08,,PAX0011539804,E02985
SD GUNDAM G GENERATION CROSS RAYS Platinum Edition,sd_gundam_g_generation_cross_rays_platinum,298.0,CNY,2024-08,,,E06306
SOULCALIBUR VI,soulcalibur_vi,298.0,CNY,2024-08,,PAX0009799344,E02875
SOULCALIBUR VI Deluxe Edition,soulcalibur_vi_deluxe,448.0,CNY,2024-08,2025-01,PAX0009799650,E03123
SOULCALIBUR VI Deluxe Edition,soulcalibur_vi_deluxe,448.0,CNY,2025-03,,PAX0009799650,E03123
SPY×ANYA: Operation Memories,spy_anya_operation_memories,248.0,CNY,2024-08,2025-03,PAX0013837558,E05697
SPY×ANYA: Operation Memories,spy_anya_operation_memories,248.0,CNY,2025-05,,PAX0013837558,E05697
SPY×ANYA: Operation Memories Deluxe Edition,spy_anya_operation_memories_deluxe,348.0,CNY,2024-08,2024-11,,E06533
SPY×ANYA: Operation Memories Deluxe Edition,spy_anya_operation_memories_deluxe,348.0,CNY,2025-01,2025-04,,E06533
SPY×ANYA: Operation Memories Deluxe Edition,spy_anya_operation_memories_deluxe,348.0,CNY,2025-06,,,E06533
SUPER ROBOT WARS X,super_robot_wars_x,248.0,CNY,2024-08,,PAX0011599848,E03632
SUPER ROBOT WARS Y,super_robot_wars_y,298.0,CNY,2025-07,,PAX0014733764,L00033
SUPER ROBOT WARS Y - Expansion Pack,super_robot_wars_y_expansion_pack,178.0,CNY,2026-06,,,L52098
SUPER ROBOT WARS Y Deluxe Edition,super_robot_wars_y_deluxe,498.0,CNY,2025-07,,PAX0014929502,L00034
SUPER ROBOT WARS Y Ultimate Edition,super_robot_wars_y_ultimate,638.0,CNY,2025-07,,PAX0014929434,L00035
SWORD ART ONLINE Alicization Lycoris,sword_art_online_alicization_lycoris,298.0,CNY,2024-08,2026-02,PAX0010781400,E03060
SWORD ART ONLINE Alicization Lycoris,sword_art_online_alicization_lycoris,88.0,CNY,2026-03,,PAX0010781400,E03060
SWORD ART ONLINE Alicization Lycoris Deluxe Edition,sword_art_online_alicization_lycoris_deluxe,498.0,CNY,2024-08,,PAX0010797788,E03954
SWORD ART ONLINE Fractured Daydream,sword_art_online_fractured_daydream,298.0,CNY,2024-08,,PAX0013976312,E06120
SWORD ART ONLINE Fractured Daydream Deluxe Edition,sword_art_online_fractured_daydream_deluxe,428.0,CNY,2024-08,,,E06531
SWORD ART ONLINE Fractured Daydream Premium Edition,sword_art_online_fractured_daydream_premium,498.0,CNY,2024-08,,,E06532
SWORD ART ONLINE Last Recollection,sword_art_online_last_recollection,298.0,CNY,2024-08,2025-01,PAX0013159190,E05687
SWORD ART ONLINE Last Recollection,sword_art_online_last_recollection,298.0,CNY,2025-03,,PAX0013159190,E05687
SWORD ART ONLINE Last Recollection Deluxe Edition,sword_art_online_last_recollection_deluxe,428.0,CNY,2024-08,,PAX0014008374,E06096
SYNDUALITY Echo of Ada,synduality_echo_of_ada,198.0,CNY,2025-01,,PAX0014079774,E05693
SYNDUALITY Echo of Ada Deluxe Edition,synduality_echo_of_ada_deluxe,348.0,CNY,2024-12,2025-03,PAX0015630684,E06636
SYNDUALITY Echo of Ada Deluxe Edition,synduality_echo_of_ada_deluxe,348.0,CNY,2025-06,,PAX0015630684,E06636
SYNDUALITY Echo of Ada Ultimate Edition,synduality_echo_of_ada_ultimate,498.0,CNY,2025-01,2025-03,,E06637
SYNDUALITY Echo of Ada Ultimate Edition,synduality_echo_of_ada_ultimate,498.0,CNY,2025-05,,,E06637
Shadow Labyrinth,shadow_labyrinth,148.0,CNY,2025-07,,PAX0014732166,E06972
Shadow Labyrinth - Deluxe Edition,shadow_labyrinth_deluxe,198.0,CNY,2025-07,,,L00032
Super Robot Wars 30,super_robot_wars_30,368.0,CNY,2024-08,,PAX0011886978,E04508
Super Robot Wars 30 Digital Deluxe Edition,super_robot_wars_30_deluxe,528.0,CNY,2024-08,,PAX0011923630,E05097
Super Robot Wars 30 Ultimate Edition,super_robot_wars_30_ultimate,678.0,CNY,2024-08,,PAX0011934816,E05098
Sword Art Online: Fatal Bullet,sword_art_online_fatal_bullet,158.0,CNY,2024-08,2026-03,PAX0009455468,E02540
Sword Art Online: Fatal Bullet,sword_art_online_fatal_bullet,88.0,CNY,2026-04,,PAX0009455468,E02540
Sword Art Online: Fatal Bullet - Complete Edition,sword_art_online_fatal_bullet_complete,301.5,CNY,2024-08,2024-12,PAX0009957376,E03322
Sword Art Online: Fatal Bullet - Complete Edition,sword_art_online_fatal_bullet_complete,450.0,CNY,2025-01,2025-02,PAX0009957376,E03322
Sword Art Online: Fatal Bullet - Complete Edition,sword_art_online_fatal_bullet_complete,301.5,CNY,2025-03,2025-03,PAX0009957376,E03322
Sword Art Online: Fatal Bullet - Complete Edition,sword_art_online_fatal_bullet_complete,450.0,CNY,2025-05,2025-06,PAX0009957376,E03322
Sword Art Online: Fatal Bullet - Complete Edition,sword_art_online_fatal_bullet_complete,301.5,CNY,2025-07,2026-03,PAX0009957376,E03322
Sword Art Online: Fatal Bullet - Complete Edition,sword_art_online_fatal_bullet_complete,146.0,CNY,2026-04,,PAX0009957376,E03322
Sword Art Online: Hollow Realization Deluxe Edition,sword_art_online_hollow_realization_deluxe,278.0,CNY,2024-08,2025-01,PAX0009348402,E02310
Sword Art Online: Hollow Realization Deluxe Edition,sword_art_online_hollow_realization_deluxe,278.0,CNY,2025-03,2026-04,PAX0009348402,E02310
Sword Art Online: Hollow Realization Deluxe Edition,sword_art_online_hollow_realization_deluxe,118.0,CNY,2026-05,2026-05,PAX0009348402,E02310
Sword Art Online: Hollow Realization Deluxe Edition,sword_art_online_hollow_realization_deluxe,278.0,CNY,2026-06,,PAX0009348402,E02310
Sword Art Online: Lost Song,sword_art_online_lost_song,88.0,CNY,2024-08,,PAX0010120168,E05372
TEKKEN 7,tekken_7,198.0,CNY,2024-08,,PAX0008666974,E02278
TEKKEN 7 - Originals Edition,tekken_7_originals,398.0,CNY,2024-08,,PAX0012530020,E05647
TEKKEN 8,tekken_8,348.0,CNY,2024-08,2025-05,PAX0013411368,E05700
TEKKEN 8,tekken_8,248.0,CNY,2025-06,2026-03,PAX0013411368,E05700
TEKKEN 8,tekken_8,168.0,CNY,2026-04,,PAX0013411368,E05700
TEKKEN 8 - Ultimate Edition,tekken_8_ultimate,548.0,CNY,2024-08,2025-05,PAX0013432958,E06227
TEKKEN 8 - Ultimate Edition,tekken_8_ultimate,548.0,CNY,2025-07,,PAX0013432958,E06227
TEKKEN 8 Advanced Edition,tekken_8_advanced,298.0,CNY,2025-09,2026-03,,L00129
TEKKEN 8 Advanced Edition,tekken_8_advanced,198.0,CNY,2026-04,,,L00129
TEKKEN 8 Deluxe Edition,tekken_8_deluxe,498.0,CNY,2024-08,2025-05,PAX0013432856,E06226
TEKKEN 8 Deluxe Edition,tekken_8_deluxe,498.0,CNY,2025-07,,PAX0013432856,E06226
TEKKEN 8 Season 2 Deluxe Edition,tekken_8_season_2_deluxe,398.0,CNY,2025-07,2026-03,,L00111
TEKKEN 8 Season 2 Deluxe Edition,tekken_8_season_2_deluxe,348.0,CNY,2026-04,,,L00111
TEKKEN 8 Season 2 Ultimate Edition,tekken_8_season_2_ultimate,448.0,CNY,2025-07,2026-04,,L00112
TEKKEN 8 Season 2 Ultimate Edition,tekken_8_season_2_ultimate,398.0,CNY,2026-05,,,L00112
THE IDOLM@STER STARLIT SEASON,the_idolm_ster_starlit_season,348.0,CNY,2024-08,,,E03045
THE IDOLM@STER STARLIT SEASON Digital Deluxe Edition,the_idolm_ster_starlit_season_deluxe,498.0,CNY,2024-08,,,E05096
Taiko no Tatsujin: Rhythm Festival,taiko_no_tatsujin_rhythm_festival,248.0,CNY,2024-11,,,E06129
Taiko no Tatsujin: Rhythm Festival The Setlist Edition,taiko_no_tatsujin_rhythm_festival_the_setlist,348.0,CNY,2024-11,,,E06635
Tales of Arise,tales_of_arise,198.0,CNY,2024-08,,PAX0011827716,E03024
Tales of Arise - Beyond the Dawn Deluxe Edition,tales_of_arise_beyond_the_dawn_deluxe,398.0,CNY,2024-08,,,E06161
Tales of Arise - Beyond the Dawn Edition,tales_of_arise_beyond_the_dawn,298.0,CNY,2024-08,2026-01,,E06160
Tales of Arise - Beyond the Dawn Edition,tales_of_arise_beyond_the_dawn,168.0,CNY,2026-02,,,E06160
Tales of Arise - Beyond the Dawn Expansion,tales_of_arise_beyond_the_dawn_expansion,178.0,CNY,2024-08,,PAX0013555222,E06168
Tales of Arise - Beyond the Dawn Ultimate Edition,tales_of_arise_beyond_the_dawn_ultimate,498.0,CNY,2024-08,,,E06162
Tales of Arise Beyond the Dawn Premium Edition,tales_of_arise_beyond_the_dawn_premium,248.0,CNY,2026-05,2026-05,,
Tales of Berseria,tales_of_berseria,268.0,CNY,2024-08,2025-01,PAX0008665002,E02174
Tales of Berseria,tales_of_berseria,268.0,CNY,2025-04,2025-04,PAX0008665002,E02174
Tales of Berseria,tales_of_berseria,268.0,CNY,2025-06,,PAX0008665002,E02174
Tales of Berseria Remastered,tales_of_berseria_remastered,198.0,CNY,2026-02,,PAX0015323358,L00438
Tales of Berseria Remastered Deluxe Edition,tales_of_berseria_remastered_deluxe,298.0,CNY,2026-02,,,L00439
Tales of Graces f Remastered,tales_of_graces_f_remastered,198.0,CNY,2025-01,,PAX0014183542,E06381
Tales of Graces f Remastered Deluxe Edition,tales_of_graces_f_remastered_deluxe,298.0,CNY,2025-01,2025-04,,E06689
Tales of Graces f Remastered Deluxe Edition,tales_of_graces_f_remastered_deluxe,298.0,CNY,2025-07,,,E06689
Tales of Vesperia: Definitive Edition,tales_of_vesperia_definitive,258.0,CNY,2024-08,,PAX0010367280,E03191
Tales of Xillia Remastered,tales_of_xillia_remastered,198.0,CNY,2025-10,,PAX0015083964,E06124
Tales of Xillia Remastered Deluxe Edition,tales_of_xillia_remastered_deluxe,298.0,CNY,2025-10,,PAX0015249510,L00231
Tales of Zestiria,tales_of_zestiria,314.0,CNY,2024-08,,PAX0008665036,E01607
That Time I Got Reincarnated as a Slime ISEKAI Chronicles,that_time_i_got_reincarnated_as_a_slime_isekai_chronicles,248.0,CNY,2024-08,2024-11,PAX0013924904,E03566
That Time I Got Reincarnated as a Slime ISEKAI Chronicles,that_time_i_got_reincarnated_as_a_slime_isekai_chronicles,248.0,CNY,2025-03,2025-05,PAX0013924904,E03566
That Time I Got Reincarnated as a Slime ISEKAI Chronicles,that_time_i_got_reincarnated_as_a_slime_isekai_chronicles,248.0,CNY,2025-07,,PAX0013924904,E03566
That Time I Got Reincarnated as a Slime ISEKAI Chronicles Deluxe Edition,that_time_i_got_reincarnated_as_a_slime_isekai_chronicles_deluxe,348.0,CNY,2024-08,,,E06534
The Blood of Dawnwalker,the_blood_of_dawnwalker,298.0,CNY,2026-06,,PAX0014894142,
The Blood of Dawnwalker Eclipse Edition,the_blood_of_dawnwalker_eclipse,368.0,CNY,2026-06,,,
Towa and the Guardians of the Sacred Tree,towa_and_the_guardians_of_the_sacred_tree,148.0,CNY,2025-07,,PAX0014842190,E06936
Towa and the Guardians of the Sacred Tree Deluxe Edition,towa_and_the_guardians_of_the_sacred_tree_deluxe,198.0,CNY,2025-07,,,L00117
We Love Katamari REROLL+ Royal Reverie,we_love_katamari_reroll_royal_reverie,148.0,CNY,2024-08,2025-04,PAX0012872162,E05071
We Love Katamari REROLL+ Royal Reverie,we_love_katamari_reroll_royal_reverie,148.0,CNY,2025-06,,PAX0012872162,E05071
We Love Katamari REROLL+ Royal Reverie Special Edition,we_love_katamari_reroll_royal_reverie_special,198.0,CNY,2024-08,,,E06305
