Product Name,Normalized Name,Customer Reference,months_seen,first_period,last_period,resellers,item_number_candidates,merged_from,needs_review,review_reasons,paxCode,steamId,matched_label,pax_match_status,pax_match_score,related_pax_codes,pax_needs_review,pax_review_reason
Accel World VS. Sword Art Online Deluxe Edition,accel_world_vs_sword_art_online_deluxe,E02452,22,2024-08_2024-09,2026-06,"Alibaba, Heybox, Sonkwo",E02452=22p; E04157=1p,,False,,PAX0009526222,607880,Accel World Vs. Sword Art Online (Deluxe Edition),exact,1.0,"PAX0010948476, PAX0011267056, PAX0015912306",False,
ACE COMBAT 7: SKIES UNKNOWN,ace_combat_7_skies_unknown,E03174,22,2024-08_2024-09,2026-06,"Alibaba, Heybox, Sonkwo",E03174=22p,,False,,PAX0009836302,502500,Ace Combat 7: Skies Unknown,exact,1.0,"PAX0009942008, PAX0012109542, PAX0011528312",False,
ACE COMBAT™ 7: SKIES UNKNOWN - TOP GUN: Maverick Edition,ace_combat_7_skies_unknown_top_gun_maverick,E05445,20,2024-08_2024-09,2026-06,"Alibaba, Heybox, Sonkwo",E05445=20p; E05444=1p,,False,,PAX0012537704,,Ace Combat 7: Skies Unknown - Top Gun: Maverick Edition,exact,1.0,,False,
ACE COMBAT™ 7: SKIES UNKNOWN - TOP GUN: Maverick Ultimate Edition,ace_combat_7_skies_unknown_top_gun_maverick_ultimate,E05444,20,2024-08_2024-09,2026-06,"Alibaba, Heybox, Sonkwo",E05444=20p,,False,,,,Ace Combat 7: Skies Unknown - Top Gun: Maverick Edition,base_game,,PAX0012537704,True,duplicate_paxCode:PAX0012537704
ARMORED CORE VI FIRES OF RUBICON Standard Edition,armored_core_vi_fires_of_rubicon,E05837,22,2024-08_2024-09,2026-06,"Alibaba, Heybox, Sonkwo",E05837=22p,,False,,PAX0013077488,1888160,Armored Core VI: Fires Of Rubicon,exact,1.0,"PAX0013073340, PAX0013073374",False,
ARMORED CORE VI FIRES OF RUBICON Deluxe Edition,armored_core_vi_fires_of_rubicon_deluxe,E05838,22,2024-08_2024-09,2026-06,"Alibaba, Heybox, Sonkwo",E05838=22p,,False,,PAX0013069260,,Armored Core VI: Fires Of Rubicon (Deluxe Edition),exact,1.0,,False,
Baten Kaitos I & II HD Remaster,baten_kaitos_i_ii_hd_remaster,E06117,18,2024-12,2026-06,"Alibaba, Heybox, Sonkwo",E06117=18p,,False,,PAX0014235936,2146170,Baten Kaitos I & II HD Remaster,exact,1.0,,False,
BLACK CLOVER: QUARTET KNIGHTS,black_clover_quartet_knights,E02895,22,2024-08_2024-09,2026-06,"Alibaba, Heybox",E02895=22p,,False,,PAX0009950542,714080,Black Clover: Quartet Knights,exact,1.0,"PAX0010585084, PAX0011792288",False,
BLACK CLOVER: QUARTET KNIGHTS Deluxe Edition,black_clover_quartet_knights_deluxe,E02950,22,2024-08_2024-09,2026-06,"Alibaba, Heybox, Sonkwo",E02950=22p,,False,,PAX0009950610,,Black Clover: Quartet Knights (Deluxe Edition),exact,1.0,,False,
BLEACH Rebirth of Souls,bleach_rebirth_of_souls,E06132,16,2025-03,2026-06,"Alibaba, Heybox, Sonkwo",E06132=16p,,False,,PAX0014038022,1689620,Bleach Rebirth of Souls,exact,1.0,,False,
BLEACH Rebirth of Souls Deluxe Edition,bleach_rebirth_of_souls_deluxe,E06690,16,2025-03,2026-06,"Alibaba, Heybox, Sonkwo",E06690=16p,,False,,,1689620,Bleach Rebirth of Souls,base_game,,PAX0014038022,True,duplicate_paxCode:PAX0014038022
BLEACH Rebirth of Souls Ultimate Edition,bleach_rebirth_of_souls_ultimate,E06691,16,2025-03,2026-06,"Alibaba, Heybox, Sonkwo",E06691=16p,,False,,,1689620,Bleach Rebirth of Souls,base_game,,PAX0014038022,True,duplicate_paxCode:PAX0014038022
Captain Tsubasa: Rise of New Champions,captain_tsubasa_rise_of_new_champions,E03350,22,2024-08_2024-09,2026-06,"Alibaba, Heybox, Sonkwo",E03350=22p,,False,,PAX0010849876,1163550,Captain Tsubasa: Rise of New Champions,exact,1.0,"PAX0011828022, PAX0012071802, PAX0014401074",False,
Captain Tsubasa: Rise of New Champions - Deluxe Edition,captain_tsubasa_rise_of_new_champions_deluxe,E04120,22,2024-08_2024-09,2026-06,"Alibaba, Heybox, Sonkwo",E04120=22p,,False,,PAX0010849944,,Captain Tsubasa: Rise of New Champions (Deluxe Edition),exact,1.0,,False,
Captain Tsubasa: Rise of New Champions - Ultimate Edition,captain_tsubasa_rise_of_new_champions_ultimate,E06275,22,2024-08_2024-09,2026-06,"Alibaba, Heybox, Sonkwo",E06275=22p,,False,,PAX0014008034,,Captain Tsubasa: Rise of New Champions (Ultimate Edition),exact,1.0,,False,
CODE VEIN,code_vein,E03009,22,2024-08_2024-09,2026-06,"Alibaba, Heybox, Sonkwo",E03009=22p,,False,,PAX0010324338,678960,Code Vein,exact,1.0,"PAX0010464792, PAX0011771990, PAX0010508924, PAX0010593584",False,
CODE VEIN Deluxe Edition,code_vein_deluxe,E03483,22,2024-08_2024-09,2026-06,"Alibaba, Heybox, Sonkwo",E03483=22p,,False,,PAX0011496930,678960,Code Vein (Deluxe Edition),exact,1.0,"PAX0010361296, PAX0010508958, PAX0011312922",False,
CODE VEIN II,code_vein_ii,L00239,6,2026-01,2026-06,"Heybox, Sonkwo",L00239=6p,,False,,PAX0014842054,2362060,Code Vein II,exact,1.0,PAX0015167366,False,
CODE VEIN II Deluxe Edition,code_vein_ii_deluxe,L00240,6,2026-01,2026-06,"Heybox, Sonkwo",L00240=6p,,False,,PAX0015167434,2362060,Code Vein II (Deluxe Edition),exact,1.0,,False,
CODE VEIN II Ultimate Edition,code_vein_ii_ultimate,L00241,6,2026-01,2026-06,"Heybox, Sonkwo",L00241=6p,,False,,PAX0015167570,2362060,Code Vein II (Ultimate Edition),exact,1.0,,False,
DARK SOULS™ II: Scholar of the First Sin,dark_souls_ii_scholar_of_the_first_sin,E01927,21,2024-08_2024-09,2026-06,"Alibaba, Heybox, Sonkwo",E01927=21p,,False,,PAX0006971122,335300,Dark Souls II: Scholar of the First Sin,exact,1.0,"PAX0011194296, PAX0011792356, PAX0013268670, PAX0010510590, PAX0011085190",False,
DARK SOULS III,dark_souls_iii,E01572,21,2024-08_2024-09,2026-06,"Alibaba, Heybox, Sonkwo",E01572=21p,,False,,PAX0007785082,374320,Dark Souls III,exact,1.0,"PAX0011373680, PAX0010511032, PAX0011083694",False,
DARK SOULS III Deluxe Edition,dark_souls_iii_deluxe,E02323,21,2024-08_2024-09,2026-06,"Alibaba, Heybox, Sonkwo",E02323=21p,,False,,PAX0009513030,,Dark Souls III (Deluxe Edition),exact,1.0,"PAX0010511338, PAX0011083728, PAX0011178724, PAX0011300546",False,
DARK SOULS III - Season Pass,dark_souls_iii_season_pass,E01893,21,2024-08_2024-09,2026-06,"Alibaba, Heybox",E01893=21p,,False,,PAX0007947534,442010,Dark Souls III: Season Pass (DLC),exact,1.0,"PAX0011363990, PAX0010511202, PAX0011201878",False,
DARK SOULS: REMASTERED,dark_souls_remastered,E02716,22,2024-08_2024-09,2026-06,"Alibaba, Heybox, Sonkwo",E02716=22p,,False,,PAX0009575522,570940,Dark Souls: Remastered,exact,1.0,"PAX0011705588, PAX0015824994, PAX0010382852, PAX0011562686, PAX0013154124",False,
DEATH NOTE Killer Within,death_note_killer_within,E06643,19,2024-12,2026-06,"Alibaba, Heybox, Sonkwo",E06643=19p,,False,,,,,unmatched,,,True,unmatched
DEATH NOTE Killer Within Special Edition,death_note_killer_within_special,E06646,17,2024-12,2026-06,"Alibaba, Heybox, Sonkwo",E06646=17p,,False,,,,,unmatched,,,True,unmatched
Digimon Story Cyber Sleuth: Complete Edition,digimon_story_cyber_sleuth_complete,E05368,21,2024-08_2024-09,2026-06,"Alibaba, Heybox, Sonkwo",E05368=21p,,False,,PAX0010995022,1042550,Digimon Story Cyber Sleuth (Complete Edition),exact,1.0,"PAX0011070536, PAX0014571210",False,
Digimon Story Time Stranger,digimon_story_time_stranger,E03053,12,2025-07,2026-06,"Alibaba, Heybox, Sonkwo",E03053=12p,,False,,PAX0014830086,1984270,Digimon Story Time Stranger,exact,1.0,"PAX0014928754, PAX0015215510, PAX0015540482, PAX0015540516",False,
Digimon Story Time Stranger Deluxe Edition,digimon_story_time_stranger_deluxe,L00115,7,2025-12,2026-06,"Alibaba, Heybox, Sonkwo",L00115=7p,,False,,PAX0014928822,1984270,Digimon Story Time Stranger (Deluxe Edition),exact,1.0,PAX0015503422,False,
Digimon Story Time Stranger Ultimate Edition,digimon_story_time_stranger_ultimate,L00116,7,2025-12,2026-06,"Alibaba, Heybox, Sonkwo",L00116=7p,,False,,PAX0014928856,1984270,Digimon Story Time Stranger (Ultimate Edition),exact,1.0,PAX0015508828,False,
Digimon Survive,digimon_survive,E05471,22,2024-08_2024-09,2026-06,"Alibaba, Heybox, Sonkwo",E05471=21p; E03730=1p,,False,,PAX0012413910,871980,Digimon Survive,exact,1.0,"PAX0013989640, PAX0015817582",False,
Digimon World: Next Order,digimon_world_next_order,E04521,19,2024-08_2024-09,2026-06,"Alibaba, Heybox, Sonkwo",E04521=19p,,False,,PAX0012723344,1530160,Digimon World: Next Order,exact,1.0,,False,
DORAEMON STORY OF SEASONS,doraemon_story_of_seasons,E03496,22,2024-08_2024-09,2026-06,"Alibaba, Heybox, Sonkwo",E03496=21p; E06163=1p,,False,,PAX0010731760,965230,Doraemon Story of Seasons,exact,1.0,,False,
DORAEMON STORY OF SEASONS: Friends of the Great Kingdom,doraemon_story_of_seasons_friends_of_the_great_kingdom,E05019,22,2024-08_2024-09,2026-06,"Alibaba, Heybox, Sonkwo",E05019=22p,,False,,PAX0012561776,1492730,Doraemon Story of Seasons: Friends of the Great Kingdom,exact,1.0,PAX0014680690,False,
DORAEMON STORY OF SEASONS: Friends of the Great Kingdom Deluxe Edition,doraemon_story_of_seasons_friends_of_the_great_kingdom_deluxe,E05733,22,2024-08_2024-09,2026-06,"Alibaba, Heybox, Sonkwo",E05733=22p,,False,,,1492730,Doraemon Story of Seasons: Friends of the Great Kingdom,base_game,,"PAX0012561776, PAX0014680690",True,duplicate_paxCode:PAX0012561776
DRAGON BALL FighterZ,dragon_ball_fighterz,E02533,21,2024-08_2024-09,2026-06,"Alibaba, Heybox, Sonkwo",E02533=21p,,False,,PAX0009332320,678950,Dragon Ball FighterZ,exact,1.0,"PAX0009392194, PAX0011359672, PAX0011484112, PAX0010515418, PAX0011551772, PAX0012925168",False,
DRAGON BALL FighterZ - FighterZ Edition,dragon_ball_fighterz_fighterz,E02595,22,2024-08_2024-09,2026-06,"Alibaba, Heybox, Sonkwo",E02595=22p,,False,,PAX0009410826,,Dragon Ball FighterZ (FighterZ Edition),exact,1.0,,False,
DRAGON BALL FighterZ - Legendary Edition,dragon_ball_fighterz_legendary,E02596,22,2024-08_2024-09,2026-06,"Alibaba, Heybox, Sonkwo",E02596=20p; E06163=2p; E03177=1p,,True,competing_item_numbers,PAX0013747526,,Dragon Ball FighterZ (Legendary Edition),exact,1.0,,False,
DRAGON BALL: Sparking! ZERO,dragon_ball_sparking_zero,E06127,20,2024-11,2026-06,"Alibaba, Heybox, Sonkwo",E06127=20p,,False,,PAX0013753680,1790600,Dragon Ball: Sparking! Zero,exact,1.0,"PAX0014130298, PAX0014130332, PAX0014130366, PAX0013753748, PAX0013753782, PAX0014130230, PAX0014350822",False,
DRAGON BALL: Sparking! ZERO Deluxe Edition,dragon_ball_sparking_zero_deluxe,E06634,20,2024-11,2026-06,"Alibaba, Heybox, Sonkwo",E06634=20p,,False,,PAX0013795602,1790600,Dragon Ball: Sparking! Zero (Deluxe Edition),exact,1.0,PAX0014117548,False,
DRAGON BALL: Sparking! ZERO Ultimate Edition,dragon_ball_sparking_zero_ultimate,E06655,20,2024-11,2026-06,"Alibaba, Heybox",E06655=20p,,False,,PAX0014117378,,Dragon Ball: Sparking! Zero (Ultimate Edition),exact,1.0,,False,
DRAGON BALL: THE BREAKERS,dragon_ball_the_breakers,E05011,21,2024-08_2024-09,2026-06,"Alibaba, Heybox, Sonkwo",E05011=21p,,False,,PAX0012529510,1276760,Dragon Ball: The Breakers,exact,1.0,,False,
DRAGON BALL: THE BREAKERS Special Edition,dragon_ball_the_breakers_special,E05644,19,2024-08_2024-09,2026-06,"Alibaba, Heybox, Sonkwo",E05644=19p,,False,,PAX0012527878,1777260,Dragon Ball: The Breakers (Special Edition),exact,1.0,"PAX0012983614, PAX0014945958",False,
DRAGON BALL XENOVERSE 2,dragon_ball_xenoverse_2,E02035,22,2024-08_2024-09,2026-06,"Alibaba, Heybox, Sonkwo",E02035=22p,,False,,PAX0008452536,454650,Dragon Ball: Xenoverse 2,exact,1.0,"PAX0011772466, PAX0012306674, PAX0010401620, PAX0010476862, PAX0010515724, PAX0011083252, PAX0013007346",False,
DRAGON BALL XENOVERSE 2 Deluxe Edition,dragon_ball_xenoverse_2_deluxe,E02036,22,2024-08_2024-09,2026-06,"Alibaba, Heybox, Sonkwo",E02036=22p,,False,,PAX0012760472,,Dragon Ball: Xenoverse 2 (Deluxe Edition),exact,1.0,,False,
DRAGON BALL XENOVERSE 2 Special Edition,dragon_ball_xenoverse_2_special,E06308,22,2024-08_2024-09,2026-06,"Alibaba, Heybox, Sonkwo",E06308=20p; E05644=2p,,True,competing_item_numbers,,454650,Dragon Ball: Xenoverse 2,base_game,,"PAX0008452536, PAX0011772466, PAX0012306674, PAX0010401620, PAX0010476862, PAX0010515724, PAX0011083252, PAX0013007346",True,duplicate_paxCode:PAX0008452536
DRAGON BALL Z: KAKAROT,dragon_ball_z_kakarot,E03005,22,2024-08_2024-09,2026-06,"Alibaba, Heybox, Sonkwo",E03005=22p,,False,,PAX0010474210,851850,Dragon Ball Z: Kakarot,exact,1.0,"PAX0010507598, PAX0011221632, PAX0011514134, PAX0012925712, PAX0015493800",False,
DRAGON BALL Z: KAKAROT - DAIMA EDITION,dragon_ball_z_kakarot_daima,L00113,7,2025-12,2026-06,"Heybox, Sonkwo",L00113=7p,,False,,PAX0015502742,851850,Dragon Ball Z: Kakarot (Daima Edition),exact,1.0,,False,
DRAGON BALL Z: KAKAROT Deluxe Edition,dragon_ball_z_kakarot_deluxe,E03730,21,2024-08_2024-09,2026-06,"Alibaba, Heybox, Sonkwo",E03730=21p,,False,,PAX0010489986,,Dragon Ball Z: Kakarot (Deluxe Edition),exact,1.0,"PAX0010515894, PAX0014570666",False,
DRAGON BALL Z: KAKAROT Legendary Edition,dragon_ball_z_kakarot_legendary,E06163,21,2024-08_2024-09,2026-06,"Alibaba, Heybox, Sonkwo",E06163=21p,,False,,PAX0012673398,,Dragon Ball Z: Kakarot (Legendary Edition),exact,1.0,,False,
DRAGON BALL Z : KAKAROT - MASTER EDITION,dragon_ball_z_kakarot_master,L00114,7,2025-12,2026-06,"Heybox, Sonkwo",L00114=7p,,False,,,851850,Dragon Ball Z: Kakarot,base_game,,"PAX0010474210, PAX0010507598, PAX0011221632, PAX0011514134, PAX0012925712, PAX0015493800",True,duplicate_paxCode:PAX0010474210
EVERYBODY'S GOLF HOT SHOTS,everybody_s_golf_hot_shots,L00036,12,2025-07,2026-06,"Alibaba, Heybox, Sonkwo",L00036=20p,"everybody_s_golf_hot_shots, everybody_s_golf_hotshots",False,,PAX0014836172,2730810,Everybody's Golf Hot Shots,exact,1.0,PAX0014929740,False,
FREEDOM WARS Remastered,freedom_wars_remastered,E06517,12,2025-07,2026-06,Alibaba,E06517=12p,,False,,PAX0014175688,3004100,Freedom Wars Remastered,exact,1.0,,False,
GOD EATER 2 Rage Burst,god_eater_2_rage_burst,E05369,21,2024-08_2024-09,2026-06,"Alibaba, Heybox, Sonkwo",E05369=21p,,False,,PAX0009309268,438490,God Eater 2: Rage Burst,exact,1.0,"PAX0011238836, PAX0011389626",False,
GOD EATER 3,god_eater_3,E03177,20,2024-08_2024-09,2026-06,"Alibaba, Heybox, Sonkwo",E03177=20p,"god_eater_3, god_eaters_3",False,,PAX0009956560,899440,God Eater 3,exact,1.0,"PAX0010588518, PAX0011414276",False,
GUNDAM BREAKER 4,gundam_breaker_4,E04524,22,2024-08_2024-09,2026-06,"Alibaba, Heybox",E04524=22p,,False,,PAX0013798832,1672500,Gundam Breaker 4,exact,1.0,"PAX0013986444, PAX0013798968, PAX0013799002",False,
GUNDAM BREAKER 4 Deluxe Edition,gundam_breaker_4_deluxe,E06529,22,2024-08_2024-09,2026-06,"Alibaba, Heybox",E06529=22p,,False,,PAX0013986614,1047258,Gundam Breaker 4 (Deluxe Edition),exact,1.0,,False,
GUNDAM BREAKER 4 Ultimate Edition,gundam_breaker_4_ultimate,E06530,22,2024-08_2024-09,2026-06,"Alibaba, Heybox, Sonkwo",E06530=22p,,False,,PAX0013986716,1047259,Gundam Breaker 4 (Ultimate Edition),exact,1.0,,False,
.hack//G.U. Last Recode,hack_g_u_last_recode,E05367,21,2024-08_2024-09,2026-06,"Alibaba, Heybox, Sonkwo",E05367=21p,,False,,PAX0011204972,525480,.Hack//G.U. Last Recode,exact,1.0,"PAX0011435764, PAX0011620588, PAX0011678694",False,
JoJo's Bizarre Adventure: All-Star Battle R,jojo_s_bizarre_adventure_all_star_battle_r,E03528,20,2024-08_2024-09,2026-06,"Alibaba, Heybox, Sonkwo",E03528=20p,,False,,PAX0012435840,1372110,Jojo's Bizarre Adventure: All-Star Battle R,exact,1.0,PAX0014369522,False,
JoJo's Bizarre Adventure: All-Star Battle R Deluxe Edition,jojo_s_bizarre_adventure_all_star_battle_r_deluxe,E05524,22,2024-08_2024-09,2026-06,"Alibaba, Heybox, Sonkwo",E05524=22p,,False,,PAX0013153750,,Jojo's Bizarre Adventure: All-Star Battle R (Deluxe Edition),exact,1.0,,False,
JoJo's Bizarre Adventure: All-Star Battle R Ultimate Edition,jojo_s_bizarre_adventure_all_star_battle_r_ultimate,E06307,21,2024-08_2024-09,2026-06,"Alibaba, Heybox, Sonkwo",E06307=21p,,False,,PAX0013456282,,Jojo's Bizarre Adventure: All-Star Battle R (Ultimate Edition),exact,1.0,,False,
Jujutsu Kaisen Cursed Clash,jujutsu_kaisen_cursed_clash,E05703,20,2024-08_2024-09,2026-06,"Alibaba, Heybox, Sonkwo",E05703=20p,,False,,PAX0013412422,1877020,Jujutsu Kaisen Cursed Clash,exact,1.0,PAX0013436664,False,
Jujutsu Kaisen Cursed Clash Deluxe Edition,jujutsu_kaisen_cursed_clash_deluxe,E06213,19,2024-08_2024-09,2026-06,"Alibaba, Heybox, Sonkwo",E06213=18p; E03322=1p,,False,,PAX0014089430,,Jujutsu Kaisen Cursed Clash (Deluxe Edition),exact,1.0,,False,
Jujutsu Kaisen Cursed Clash Ultimate Edition,jujutsu_kaisen_cursed_clash_ultimate,E06212,19,2024-08_2024-09,2026-06,"Alibaba, Heybox, Sonkwo",E06212=19p,,False,,PAX0013436800,,Jujutsu Kaisen Cursed Clash (Ultimate Edition),exact,1.0,,False,
Klonoa Phantasy Reverie Series,klonoa_phantasy_reverie_series,E04522,21,2024-08_2024-09,2026-06,"Alibaba, Heybox, Sonkwo",E04522=21p,,False,,PAX0012403812,1730680,Klonoa Phantasy Reverie Series,exact,1.0,,False,
Little Nightmares III,little_nightmares_iii,E05707,7,2025-12,2026-06,"Alibaba, Heybox, Sonkwo",E05707=7p,,False,,PAX0013475322,1392860,Little Nightmares III,exact,1.0,"PAX0015081142, PAX0015215068, PAX0013587352, PAX0013587420, PAX0013587488",False,
Little Nightmares III Deluxe Edition,little_nightmares_iii_deluxe,L00119,7,2025-12,2026-06,"Alibaba, Heybox, Sonkwo",L00119=7p,,False,,PAX0015081176,1392860,Little Nightmares III (Deluxe Edition),exact,1.0,,False,
Little Nightmares VR: Altered Echoes,little_nightmares_vr_altered_echoes,L51736,1,2026-06,2026-06,Heybox,L51736=1p,,False,,PAX0015766480,2482940,Little Nightmares VR: Altered Echoes,exact,1.0,,False,
MOBILE SUIT GUNDAM SEED BATTLE DESTINY REMASTERED,mobile_suit_gundam_seed_battle_destiny_remastered,E06942,14,2025-05,2026-06,"Alibaba, Heybox, Sonkwo",E06942=14p,,False,,PAX0014731554,1857740,Mobile Suit Gundam Seed Battle Destiny Remastered,exact,1.0,PAX0014830766,False,
NARUTO SHIPPUDEN: Ultimate Ninja STORM 2,naruto_shippuden_ultimate_ninja_storm_2,E05373,17,2024-08_2024-09,2026-06,"Alibaba, Heybox, Sonkwo",E05373=17p,,False,,PAX0010567030,543870,Naruto Shippuden: Ultimate Ninja Storm 2,exact,1.0,PAX0011460958,False,
NARUTO SHIPPUDEN: Ultimate Ninja STORM 4,naruto_shippuden_ultimate_ninja_storm_4,E01592,22,2024-08_2024-09,2026-06,"Alibaba, Heybox, Sonkwo",E01592=22p,,False,,PAX0007774372,349040,Naruto Shippuden: Ultimate Ninja Storm 4,exact,1.0,"PAX0011368172, PAX0012032566, PAX0010301898, PAX0011545550",False,
NARUTO SHIPPUDEN: Ultimate Ninja STORM 4 Road to Boruto,naruto_shippuden_ultimate_ninja_storm_4_road_to_boruto,E04555,22,2024-08_2024-09,2026-06,"Alibaba, Heybox, Sonkwo",E04555=22p,,False,,PAX0011492170,495160,Naruto Shippuden: Ultimate Ninja Storm 4 - Road to Boruto,exact,1.0,"PAX0009671674, PAX0011550038, PAX0014958742",False,
NARUTO SHIPPUDEN: Ultimate Ninja STORM Legacy,naruto_shippuden_ultimate_ninja_storm_legacy,E05371,22,2024-08_2024-09,2026-06,"Alibaba, Heybox, Sonkwo",E05371=22p,,False,,PAX0015827680,4308,Naruto Shippuden: Ultimate Ninja Storm Legacy,exact,1.0,"PAX0010114966, PAX0011548576",False,
NARUTO SHIPPUDEN: Ultimate Ninja STORM Trilogy,naruto_shippuden_ultimate_ninja_storm_trilogy,E05387,20,2024-08_2024-09,2026-06,"Alibaba, Heybox, Sonkwo",E05387=20p; L30800=1p,,False,,PAX0009772144,,Naruto Shippuden: Ultimate Ninja Storm Trilogy,exact,1.0,"PAX0010532146, PAX0011405844, PAX0011531134",False,
NARUTO TO BORUTO: SHINOBI STRIKER,naruto_to_boruto_shinobi_striker,E02855,21,2024-08_2024-09,2026-06,"Alibaba, Heybox, Sonkwo",E02855=20p; E01572=1p; E01927=1p,,False,,PAX0009688844,633230,Naruto to Boruto: Shinobi Striker,exact,1.0,"PAX0010585968, PAX0011909486, PAX0010146858, PAX0011078050, PAX0011555104",False,
NARUTO TO BORUTO: SHINOBI STRIKER Deluxe Edition,naruto_to_boruto_shinobi_striker_deluxe,E02942,20,2024-08_2024-09,2026-06,"Alibaba, Heybox, Sonkwo",E02942=20p,,False,,PAX0009966964,,Naruto to Boruto: Shinobi Striker (Deluxe Edition),exact,1.0,"PAX0010436198, PAX0011223468",False,
NARUTO TO BORUTO: SHINOBI STRIKER Ultimate Edition,naruto_to_boruto_shinobi_striker_ultimate,E06292,21,2024-08_2024-09,2026-06,"Alibaba, Heybox, Sonkwo",E06292=21p,,False,,,633230,Naruto to Boruto: Shinobi Striker,base_game,,"PAX0009688844, PAX0010585968, PAX0011909486, PAX0010146858, PAX0011078050, PAX0011555104",True,duplicate_paxCode:PAX0009688844
NARUTO: Ultimate Ninja STORM,naruto_ultimate_ninja_storm,E05386,20,2024-08_2024-09,2026-06,"Alibaba, Heybox, Sonkwo",E05386=20p,,False,,PAX0010567064,495140,Naruto: Ultimate Ninja Storm,exact,1.0,,False,
NARUTO X BORUTO Ultimate Ninja STORM CONNECTIONS,naruto_x_boruto_ultimate_ninja_storm_connections,E03049,22,2024-08_2024-09,2026-06,"Alibaba, Heybox, Sonkwo",E03049=22p,,False,,PAX0013555324,1020790,Naruto X Boruto Ultimate Ninja Storm Connections,exact,1.0,,False,
NARUTO X BORUTO Ultimate Ninja STORM CONNECTIONS Deluxe Edition,naruto_x_boruto_ultimate_ninja_storm_connections_deluxe,E06164,22,2024-08_2024-09,2026-06,"Alibaba, Heybox, Sonkwo",E06164=22p,,False,,,1020790,Naruto X Boruto Ultimate Ninja Storm Connections,base_game,,PAX0013555324,True,duplicate_paxCode:PAX0013555324
NARUTO X BORUTO Ultimate Ninja STORM CONNECTIONS Ultimate Edition,naruto_x_boruto_ultimate_ninja_storm_connections_ultimate,E06165,22,2024-08_2024-09,2026-06,"Alibaba, Heybox, Sonkwo",E06165=22p; E06212=1p,,False,,,1020790,Naruto X Boruto Ultimate Ninja Storm Connections,base_game,,PAX0013555324,True,duplicate_paxCode:PAX0013555324
New Gundam Breaker,new_gundam_breaker,E02758,19,2024-08_2024-09,2026-06,"Alibaba, Heybox, Sonkwo",E02758=19p,,False,,PAX0009974784,738530,New Gundam Breaker,exact,1.0,"PAX0011249818, PAX0012319356",False,
Once Upon A KATAMARI,once_upon_a_katamari,E06970,7,2025-12,2026-06,Heybox,E06970=7p,,False,,PAX0014976150,1880620,Once Upon A Katamari,exact,1.0,,False,
Once Upon A KATAMARI - King of All Sounds Edition,once_upon_a_katamari_king_of_all_sounds,L00120,6,2025-12,2026-06,"Heybox, Sonkwo",L00120=6p,,False,,,,,unmatched,,,True,unmatched
ONE PIECE BURNING BLOOD,one_piece_burning_blood,E01970,19,2024-08_2024-09,2026-06,"Alibaba, Heybox, Sonkwo",E01970=19p,,False,,PAX0009056410,425220,One Piece Burning Blood,exact,1.0,"PAX0010533676, PAX0011551024",False,
ONE PIECE BURNING BLOOD GOLD Edition,one_piece_burning_blood_gold,E05642,22,2024-08_2024-09,2026-06,"Alibaba, Heybox, Sonkwo",E05642=22p,,False,,PAX0010475706,501580,One Piece: Burning Blood (Gold Edition),exact,1.0,"PAX0011827886, PAX0015830638, PAX0011562992",False,
ONE PIECE ODYSSEY,one_piece_odyssey,E05083,20,2024-08_2024-09,2026-06,"Alibaba, Heybox",E05083=20p,,False,,PAX0012652998,814000,One Piece Odyssey,exact,1.0,,False,
ONE PIECE ODYSSEY Deluxe Edition,one_piece_odyssey_deluxe,E05788,20,2024-08_2024-09,2026-06,"Alibaba, Heybox, Sonkwo",E05788=20p,,False,,PAX0012673432,,One Piece Odyssey (Deluxe Edition),exact,1.0,,False,
ONE PIECE: PIRATE WARRIORS 4,one_piece_pirate_warriors_4,E02973,21,2024-08_2024-09,2026-06,"Alibaba, Heybox, Sonkwo",E02973=20p; E05387=2p; E04727=1p,,True,competing_item_numbers,PAX0010605960,1089090,One Piece: Pirate Warriors 4,exact,1.0,"PAX0011357190, PAX0011727654, PAX0014193742",False,
ONE PIECE: PIRATE WARRIORS 4 Deluxe Edition,one_piece_pirate_warriors_4_deluxe,E03825,22,2024-08_2024-09,2026-06,"Alibaba, Heybox, Sonkwo",E03825=22p; E02942=1p,,False,,PAX0010640946,,One Piece: Pirate Warriors 4 (Deluxe Edition),exact,1.0,PAX0011265050,False,
ONE PIECE: PIRATE WARRIORS 4 Legendary Edition,one_piece_pirate_warriors_4_legendary,L00434,6,2026-01,2026-06,"Heybox, Sonkwo",L00434=6p,,False,,,1089090,One Piece: Pirate Warriors 4,base_game,,"PAX0010605960, PAX0011357190, PAX0011727654, PAX0014193742",True,duplicate_paxCode:PAX0010605960
ONE PIECE: PIRATE WARRIORS 4 Ultimate Edition,one_piece_pirate_warriors_4_ultimate,E06098,22,2024-08_2024-09,2026-06,"Alibaba, Heybox, Sonkwo",E06098=22p,,False,,,1089090,One Piece: Pirate Warriors 4,base_game,,"PAX0010605960, PAX0011357190, PAX0011727654, PAX0014193742",True,duplicate_paxCode:PAX0010605960
ONE PIECE WORLD SEEKER,one_piece_world_seeker,E03295,20,2024-08_2024-09,2026-06,"Alibaba, Heybox, Sonkwo",E03295=20p,,False,,PAX0009975226,755500,One Piece: World Seeker,exact,1.0,"PAX0011476224, PAX0010533574, PAX0011212350",False,
ONE PIECE WORLD SEEKER Deluxe Edition,one_piece_world_seeker_deluxe,E03367,20,2024-08_2024-09,2026-06,"Alibaba, Heybox, Sonkwo",E03367=20p,,False,,PAX0010423108,,One Piece: World Seeker (Deluxe Edition),exact,1.0,"PAX0010431846, PAX0011493428",False,
ONE PUNCH MAN: A HERO NOBODY KNOWS,one_punch_man_a_hero_nobody_knows,E02997,22,2024-08_2024-09,2026-06,"Alibaba, Heybox, Sonkwo",E02997=21p; E02985=1p; E06970=1p,,False,,PAX0010593278,991560,One Punch Man: A Hero Nobody Knows,exact,1.0,"PAX0011219966, PAX0011740812",False,
PAC-MAN Mega Tunnel Battle: Chomp Champs,pac_man_mega_tunnel_battle_chomp_champs,E06649,16,2025-03,2026-06,"Alibaba, Heybox, Sonkwo",E06649=16p,,False,,PAX0013651816,2095950,Pac-Man Mega Tunnel Battle: Chomp Champs,exact,1.0,"PAX0013651850, PAX0013651884",False,
PAC-MAN Mega Tunnel Battle: Chomp Champs - Deluxe Edition,pac_man_mega_tunnel_battle_chomp_champs_deluxe,E06652,17,2025-01,2026-06,"Alibaba, Heybox, Sonkwo",E06652=17p,,False,,,2095950,Pac-Man Mega Tunnel Battle: Chomp Champs,base_game,,"PAX0013651816, PAX0013651850, PAX0013651884",True,duplicate_paxCode:PAX0013651816
PAC-MAN WORLD 2 Re-PAC,pac_man_world_2_re_pac,E06971,2,2026-03,2026-06,"Heybox, Sonkwo",E06971=2p,,False,,PAX0014976422,2324290,Pac-Man World 2 Re-Pac,exact,1.0,,False,
PAC-MAN WORLD 2 Re-PAC Deluxe Edition,pac_man_world_2_re_pac_deluxe,L00118,2,2026-03,2026-06,"Heybox, Sonkwo",L00118=2p; L42484=1p,,False,,,2324290,Pac-Man World 2 Re-Pac,base_game,,PAX0014976422,True,duplicate_paxCode:PAX0014976422
Park Beyond,park_beyond,E04538,15,2024-08_2024-09,2026-06,"Alibaba, Heybox",E04538=15p,,False,,PAX0012897084,1368130,Park Beyond,exact,1.0,PAX0014470808,False,
PATAPON 1+2 REPLAY,patapon_1_2_replay,E06134,12,2025-07,2026-06,"Alibaba, Heybox, Sonkwo",E06134=12p,,False,,PAX0014894210,2383200,Patapon 1+2 Replay,exact,1.0,,False,
SAND LAND,sand_land,E06114,21,2024-08_2024-09,2026-06,"Alibaba, Heybox, Sonkwo",E06114=21p,,False,,PAX0013449516,1979440,Sand Land,exact,1.0,PAX0013629852,False,
SAND LAND Deluxe Edition,sand_land_deluxe,E06272,21,2024-08_2024-09,2026-06,"Alibaba, Heybox, Sonkwo",E06272=21p,,False,,,1979440,Sand Land,base_game,,"PAX0013449516, PAX0013629852",True,duplicate_paxCode:PAX0013449516
SCARLET NEXUS,scarlet_nexus,E03557,22,2024-08_2024-09,2026-06,"Alibaba, Heybox, Sonkwo",E03557=21p; E02985=1p,,False,,PAX0011642280,775500,Scarlet Nexus,exact,1.0,,False,
SCARLET NEXUS Deluxe Edition,scarlet_nexus_deluxe,E04727,21,2024-08_2024-09,2026-06,"Alibaba, Heybox, Sonkwo",E04727=19p; E02758=2p; L11104=1p,,True,competing_item_numbers,PAX0011642246,,Scarlet Nexus (Deluxe Edition),exact,1.0,,False,
SCARLET NEXUS Ultimate Edition,scarlet_nexus_ultimate,E05643,22,2024-08_2024-09,2026-06,"Alibaba, Heybox, Sonkwo",E05643=22p,,False,,,775500,Scarlet Nexus,base_game,,PAX0011642280,True,duplicate_paxCode:PAX0011642280
SD GUNDAM BATTLE ALLIANCE,sd_gundam_battle_alliance,E03559,21,2024-08_2024-09,2026-06,"Alibaba, Heybox, Sonkwo",E03559=21p,,False,,PAX0012417582,824550,SD Gundam Battle Alliance,exact,1.0,,False,
SD GUNDAM BATTLE ALLIANCE - Deluxe Edition,sd_gundam_battle_alliance_deluxe,E05472,22,2024-08_2024-09,2026-06,"Alibaba, Heybox, Sonkwo",E05472=22p,,False,,,824550,SD Gundam Battle Alliance,base_game,,PAX0012417582,True,duplicate_paxCode:PAX0012417582
SD GUNDAM G GENERATION CROSS RAYS,sd_gundam_g_generation_cross_rays,E02985,21,2024-08_2024-09,2026-06,"Alibaba, Heybox, Sonkwo",E02985=23p; L09296=1p,"sd_gundam_g_generation_cross_ray, sd_gundam_g_generation_cross_rays",False,,PAX0011539804,728530,SD Gundam G Generation Cross Rays,exact,1.0,,False,
SD GUNDAM G GENERATION CROSS RAYS Platinum Edition,sd_gundam_g_generation_cross_rays_platinum,E06306,22,2024-08_2024-09,2026-06,"Alibaba, Heybox, Sonkwo",E06306=24p; L30793=1p,"sd_gundam_g_generation_cross_ray_platinum, sd_gundam_g_generation_cross_rays_platinum",False,,,728530,SD Gundam G Generation Cross Rays,base_game,,PAX0011539804,True,duplicate_paxCode:PAX0011539804
Shadow Labyrinth,shadow_labyrinth,E06972,12,2025-07,2026-06,"Alibaba, Heybox, Sonkwo",E06972=12p,,False,,PAX0014732166,1859430,Shadow Labyrinth,exact,1.0,PAX0014912026,False,
Shadow Labyrinth - Deluxe Edition,shadow_labyrinth_deluxe,L00032,12,2025-07,2026-06,"Alibaba, Heybox, Sonkwo",L00032=12p,,False,,,1859430,Shadow Labyrinth,base_game,,"PAX0014732166, PAX0014912026",True,duplicate_paxCode:PAX0014732166
SOULCALIBUR VI,soulcalibur_vi,E02875,22,2024-08_2024-09,2026-06,"Alibaba, Heybox, Sonkwo",E02875=22p,,False,,PAX0009799344,544750,Soulcalibur VI,exact,1.0,"PAX0011418968, PAX0011482854, PAX0011765360, PAX0011056086, PAX0011547998, PAX0011550616",False,
SOULCALIBUR VI Deluxe Edition,soulcalibur_vi_deluxe,E03123,21,2024-08_2024-09,2026-06,"Alibaba, Heybox, Sonkwo",E03123=21p,,False,,PAX0009799650,,Soulcalibur VI (Deluxe Edition),exact,1.0,"PAX0011338218, PAX0012336220",False,
SPY×ANYA: Operation Memories,spy_anya_operation_memories,E05697,21,2024-08_2024-09,2026-06,"Alibaba, Heybox, Sonkwo",E05697=21p,,False,,PAX0013837558,2170370,Spy x Anya: Operation Memories,fuzzy,0.964,,False,
SPY×ANYA: Operation Memories Deluxe Edition,spy_anya_operation_memories_deluxe,E06533,19,2024-08_2024-09,2026-06,"Alibaba, Heybox, Sonkwo",E06533=19p,,False,,,,,unmatched,,,True,unmatched
Super Robot Wars 30,super_robot_wars_30,E04508,22,2024-08_2024-09,2026-06,"Alibaba, Heybox, Sonkwo",E04508=22p,,False,,PAX0011886978,898750,Super Robot Wars 30,exact,1.0,,False,
Super Robot Wars 30 Digital Deluxe Edition,super_robot_wars_30_deluxe,E05097,22,2024-08_2024-09,2026-06,"Alibaba, Heybox, Sonkwo",E05097=22p,,False,,PAX0011923630,,Super Robot Wars 30 (Deluxe Edition),exact,1.0,,False,
Super Robot Wars 30 Ultimate Edition,super_robot_wars_30_ultimate,E05098,22,2024-08_2024-09,2026-06,"Alibaba, Heybox, Sonkwo",E05098=21p; E03954=1p,,False,,PAX0011934816,,Super Robot Wars 30 (Ultimate Edition),exact,1.0,,False,
SUPER ROBOT WARS X,super_robot_wars_x,E03632,22,2024-08_2024-09,2026-06,"Alibaba, Heybox, Sonkwo",E03632=22p,,False,,PAX0011599848,1031510,Super Robot Wars X,exact,1.0,,False,
SUPER ROBOT WARS Y,super_robot_wars_y,L00033,12,2025-07,2026-06,"Alibaba, Heybox, Sonkwo",L00033=12p,,False,,PAX0014733764,1909950,Super Robot Wars Y,exact,1.0,PAX0014929366,False,
SUPER ROBOT WARS Y Deluxe Edition,super_robot_wars_y_deluxe,L00034,12,2025-07,2026-06,"Alibaba, Heybox, Sonkwo",L00034=12p,,False,,PAX0014929502,1909950,Super Robot Wars Y (Deluxe Edition),exact,1.0,PAX0015713780,False,
SUPER ROBOT WARS Y - Expansion Pack,super_robot_wars_y_expansion_pack,L52098,1,2026-06,2026-06,"Heybox, Sonkwo",L52098=1p,,False,,,,,unmatched,,,True,unmatched
SUPER ROBOT WARS Y Ultimate Edition,super_robot_wars_y_ultimate,L00035,12,2025-07,2026-06,"Alibaba, Heybox, Sonkwo",L00035=12p,,False,,PAX0014929434,1909950,Super Robot Wars Y (Ultimate Edition),exact,1.0,PAX0015713814,False,
SWORD ART ONLINE Alicization Lycoris,sword_art_online_alicization_lycoris,E03060,22,2024-08_2024-09,2026-06,"Alibaba, Heybox, Sonkwo",E03060=22p,,False,,PAX0010781400,1009290,Sword Art Online: Alicization Lycoris,exact,1.0,,False,
SWORD ART ONLINE Alicization Lycoris Deluxe Edition,sword_art_online_alicization_lycoris_deluxe,E03954,21,2024-08_2024-09,2026-06,"Alibaba, Heybox, Sonkwo",E03954=21p; L10000=1p,,False,,PAX0010797788,,Sword Art Online: Alicization Lycoris (Deluxe Edition),exact,1.0,,False,
Sword Art Online: Fatal Bullet,sword_art_online_fatal_bullet,E02540,22,2024-08_2024-09,2026-06,"Alibaba, Heybox, Sonkwo",E02540=22p,,False,,PAX0009455468,626690,Sword Art Online: Fatal Bullet,exact,1.0,"PAX0010915088, PAX0011453308, PAX0011523620",False,
Sword Art Online: Fatal Bullet - Complete Edition,sword_art_online_fatal_bullet_complete,E03322,20,2024-08_2024-09,2026-06,"Alibaba, Heybox, Sonkwo",E03322=20p,,False,,PAX0009957376,,Sword Art Online: Fatal Bullet (Complete Edition),exact,1.0,,False,
SWORD ART ONLINE Fractured Daydream,sword_art_online_fractured_daydream,E06120,22,2024-08_2024-09,2026-06,"Alibaba, Heybox, Sonkwo",E06120=22p; E06652=1p,,False,,PAX0013976312,1858630,Sword Art Online: Fractured Daydream,exact,1.0,PAX0014135432,False,
SWORD ART ONLINE Fractured Daydream Deluxe Edition,sword_art_online_fractured_daydream_deluxe,E06531,22,2024-08_2024-09,2026-06,"Alibaba, Heybox, Sonkwo",E06531=22p; E06272=1p,,False,,,1858630,Sword Art Online: Fractured Daydream,base_game,,"PAX0013976312, PAX0014135432",True,duplicate_paxCode:PAX0013976312
SWORD ART ONLINE Fractured Daydream Premium Edition,sword_art_online_fractured_daydream_premium,E06532,22,2024-08_2024-09,2026-06,"Alibaba, Heybox, Sonkwo",E06532=22p; E03322=1p,,False,,,1858630,Sword Art Online: Fractured Daydream,base_game,,"PAX0013976312, PAX0014135432",True,duplicate_paxCode:PAX0013976312
Sword Art Online: Hollow Realization Deluxe Edition,sword_art_online_hollow_realization_deluxe,E02310,21,2024-08_2024-09,2026-06,"Alibaba, Heybox, Sonkwo",E02310=21p,,False,,PAX0009348402,607890,Sword Art Online: Hollow Realization (Deluxe Edition),exact,1.0,"PAX0010999306, PAX0014344192",False,
SWORD ART ONLINE Last Recollection,sword_art_online_last_recollection,E05687,21,2024-08_2024-09,2026-06,"Alibaba, Heybox, Sonkwo",E05687=21p,,False,,PAX0013159190,1566880,Sword Art Online: Last Recollection,exact,1.0,,False,
SWORD ART ONLINE Last Recollection Deluxe Edition,sword_art_online_last_recollection_deluxe,E06096,22,2024-08_2024-09,2026-06,"Alibaba, Heybox, Sonkwo",E06096=22p,,False,,PAX0014008374,,Sword Art Online: Last Recollection (Deluxe Edition),exact,1.0,,False,
Sword Art Online: Lost Song,sword_art_online_lost_song,E05372,22,2024-08_2024-09,2026-06,"Alibaba, Heybox, Sonkwo",E05372=22p,,False,,PAX0010120168,840720,Sword Art Online: Lost Song,exact,1.0,PAX0011676212,False,
SYNDUALITY Echo of Ada,synduality_echo_of_ada,E05693,18,2025-01,2026-06,"Alibaba, Heybox, Sonkwo",E05693=18p,,False,,PAX0014079774,1245480,Synduality: Echo of Ada,exact,1.0,PAX0015630616,False,
SYNDUALITY Echo of Ada Deluxe Edition,synduality_echo_of_ada_deluxe,E06636,17,2024-12,2026-06,"Alibaba, Heybox, Sonkwo",E06636=17p,,False,,PAX0015630684,1142685,Synduality: Echo of Ada (Deluxe Edition),exact,1.0,,False,
SYNDUALITY Echo of Ada Ultimate Edition,synduality_echo_of_ada_ultimate,E06637,17,2025-01,2026-06,"Alibaba, Heybox, Sonkwo",E06637=17p,,False,,,1245480,Synduality: Echo of Ada,base_game,,"PAX0014079774, PAX0015630616",True,duplicate_paxCode:PAX0014079774
Taiko no Tatsujin: Rhythm Festival,taiko_no_tatsujin_rhythm_festival,E06129,19,2024-12,2026-06,"Alibaba, Heybox, Sonkwo",E06129=19p,,False,,,,,unmatched,,,True,unmatched
Taiko no Tatsujin: Rhythm Festival The Setlist Edition,taiko_no_tatsujin_rhythm_festival_the_setlist,E06635,19,2024-12,2026-06,"Alibaba, Heybox, Sonkwo",E06635=19p,,False,,,,,unmatched,,,True,unmatched
Tales of Arise,tales_of_arise,E03024,22,2024-08_2024-09,2026-06,"Alibaba, Heybox, Sonkwo",E03024=22p,,False,,PAX0011827716,740130,Tales of Arise,exact,1.0,PAX0011937230,False,
Tales of Arise - Beyond the Dawn Edition,tales_of_arise_beyond_the_dawn,E06160,22,2024-08_2024-09,2026-06,"Alibaba, Heybox, Sonkwo",E06160=22p,,False,,,,,unmatched,,,True,unmatched
Tales of Arise - Beyond the Dawn Deluxe Edition,tales_of_arise_beyond_the_dawn_deluxe,E06161,22,2024-08_2024-09,2026-06,"Alibaba, Heybox, Sonkwo",E06161=22p,,False,,,,,unmatched,,,True,unmatched
Tales of Arise - Beyond the Dawn Expansion,tales_of_arise_beyond_the_dawn_expansion,E06168,22,2024-08_2024-09,2026-06,"Alibaba, Heybox, Sonkwo",E06168=22p,,False,,PAX0013555222,2391960,Tales of Arise - Beyond the Dawn Expansion (DLC),exact,1.0,,False,
Tales of Arise - Beyond the Dawn Ultimate Edition,tales_of_arise_beyond_the_dawn_ultimate,E06162,22,2024-08_2024-09,2026-06,"Alibaba, Heybox, Sonkwo",E06162=20p; E06168=2p,,True,competing_item_numbers,,,,unmatched,,,True,unmatched
Tales of Berseria,tales_of_berseria,E02174,19,2024-08_2024-09,2026-06,"Alibaba, Heybox, Sonkwo",E02174=19p,,False,,PAX0008665002,429660,Tales of Berseria,exact,1.0,PAX0011017122,False,
Tales of Berseria Remastered,tales_of_berseria_remastered,L00438,5,2026-02,2026-06,Heybox,L00438=5p,,False,,PAX0015323358,2331020,Tales of Berseria Remastered,exact,1.0,,False,
Tales of Berseria Remastered Deluxe Edition,tales_of_berseria_remastered_deluxe,L00439,5,2026-02,2026-06,Heybox,L00439=5p,,False,,,2331020,Tales of Berseria Remastered,base_game,,PAX0015323358,True,duplicate_paxCode:PAX0015323358
Tales of Graces f Remastered,tales_of_graces_f_remastered,E06381,18,2025-01,2026-06,"Alibaba, Heybox, Sonkwo",E06381=18p,,False,,PAX0014183542,2530980,Tales of Graces f Remastered,exact,1.0,,False,
Tales of Graces f Remastered Deluxe Edition,tales_of_graces_f_remastered_deluxe,E06689,16,2025-01,2026-06,"Alibaba, Heybox, Sonkwo",E06689=16p,,False,,,2530980,Tales of Graces f Remastered,base_game,,PAX0014183542,True,duplicate_paxCode:PAX0014183542
Tales of Vesperia: Definitive Edition,tales_of_vesperia_definitive,E03191,21,2024-08_2024-09,2026-06,"Alibaba, Heybox, Sonkwo",E03191=21p,,False,,PAX0010367280,738540,Tales of Vesperia (Definitive Edition),exact,1.0,"PAX0011271340, PAX0012925644",False,
Tales of Xillia Remastered,tales_of_xillia_remastered,E06124,7,2025-12,2026-06,"Heybox, Sonkwo",E06124=7p,,False,,PAX0015083964,2246670,Tales of Xillia Remastered,exact,1.0,PAX0015714222,False,
Tales of Xillia Remastered Deluxe Edition,tales_of_xillia_remastered_deluxe,L00231,7,2025-12,2026-06,"Heybox, Sonkwo",L00231=7p,,False,,PAX0015249510,2246670,Tales of Xillia Remastered (Deluxe Edition),exact,1.0,PAX0015714290,False,
Tales of Zestiria,tales_of_zestiria,E01607,22,2024-08_2024-09,2026-06,"Alibaba, Heybox, Sonkwo",E01607=22p,,False,,PAX0008665036,351970,Tales of Zestiria,exact,1.0,"PAX0011632182, PAX0012511422, PAX0013629988",False,
TEKKEN 7,tekken_7,E02278,22,2024-08_2024-09,2026-06,"Alibaba, Heybox, Sonkwo",E02278=22p,,False,,PAX0008666974,389730,Tekken 7,exact,1.0,"PAX0011475170, PAX0011476768, PAX0011480236, PAX0011219898, PAX0011553200",False,
TEKKEN 7 - Originals Edition,tekken_7_originals,E05647,22,2024-08_2024-09,2026-06,"Alibaba, Heybox, Sonkwo",E05647=22p,,False,,PAX0012530020,,Tekken 7 (Originals Edition),exact,1.0,,False,
TEKKEN 8,tekken_8,E05700,22,2024-08_2024-09,2026-06,"Alibaba, Heybox, Sonkwo",E05700=22p,,False,,PAX0013411368,1778820,Tekken 8,exact,1.0,"PAX0013418984, PAX0013420072",False,
TEKKEN 8 Advanced Edition,tekken_8_advanced,L00129,7,2025-12,2026-06,"Heybox, Sonkwo",L00129=7p,,False,,,1778820,Tekken 8,base_game,,"PAX0013411368, PAX0013418984, PAX0013420072",True,duplicate_paxCode:PAX0013411368
TEKKEN 8 Deluxe Edition,tekken_8_deluxe,E06226,20,2024-08_2024-09,2026-06,Alibaba,E06226=20p; E06227=3p,,True,competing_item_numbers,PAX0013432856,912717,Tekken 8 (Deluxe Edition),exact,1.0,"PAX0013419936, PAX0013426702",False,
TEKKEN 8 Season 2 Deluxe Edition,tekken_8_season_2_deluxe,L00111,7,2025-12,2026-06,"Heybox, Sonkwo",L00111=7p,,False,,,1778820,Tekken 8,base_game,,"PAX0013411368, PAX0013418984, PAX0013420072",True,duplicate_paxCode:PAX0013411368
TEKKEN 8 Season 2 Ultimate Edition,tekken_8_season_2_ultimate,L00112,7,2025-12,2026-06,"Heybox, Sonkwo",L00112=7p,,False,,,1778820,Tekken 8,base_game,,"PAX0013411368, PAX0013418984, PAX0013420072",True,duplicate_paxCode:PAX0013411368
TEKKEN 8 - Ultimate Edition,tekken_8_ultimate,E06227,20,2024-08_2024-09,2026-06,Alibaba,E06227=20p; E06534=1p,,False,,PAX0013432958,912715,Tekken 8 (Ultimate Edition),exact,1.0,"PAX0013420038, PAX0013436324",False,
That Time I Got Reincarnated as a Slime ISEKAI Chronicles,that_time_i_got_reincarnated_as_a_slime_isekai_chronicles,E03566,18,2024-08_2024-09,2026-06,"Alibaba, Heybox",E03566=18p,,False,,PAX0013924904,2197680,That Time I Got Reincarnated as a Slime Isekai Chronicles,exact,1.0,,False,
That Time I Got Reincarnated as a Slime ISEKAI Chronicles Deluxe Edition,that_time_i_got_reincarnated_as_a_slime_isekai_chronicles_deluxe,E06534,19,2024-08_2024-09,2026-06,"Alibaba, Heybox, Sonkwo",E06534=19p,,False,,,2197680,That Time I Got Reincarnated as a Slime Isekai Chronicles,base_game,,PAX0013924904,True,duplicate_paxCode:PAX0013924904
THE IDOLM@STER STARLIT SEASON,the_idolm_ster_starlit_season,E03045,22,2024-08_2024-09,2026-06,"Alibaba, Heybox, Sonkwo",E03045=24p,"the_idolm_ster_starlit_season, the_idolmaster_starlit_season",False,,,,,unmatched,,,True,unmatched
THE IDOLM@STER STARLIT SEASON Digital Deluxe Edition,the_idolm_ster_starlit_season_deluxe,E05096,22,2024-08_2024-09,2026-06,"Alibaba, Heybox, Sonkwo",E05096=24p,"the_idolm_ster_starlit_season_deluxe, the_idolmaster_starlit_season_deluxe",False,,,,,unmatched,,,True,unmatched
Towa and the Guardians of the Sacred Tree,towa_and_the_guardians_of_the_sacred_tree,E06936,7,2025-12,2026-06,"Alibaba, Heybox, Sonkwo",E06936=7p,,False,,PAX0014842190,1910090,Towa And The Guardians Of The Sacred Tree,exact,1.0,,False,
Towa and the Guardians of the Sacred Tree Deluxe Edition,towa_and_the_guardians_of_the_sacred_tree_deluxe,L00117,7,2025-12,2026-06,"Alibaba, Heybox, Sonkwo",L00117=7p; E06936=1p,,False,,,1910090,Towa And The Guardians Of The Sacred Tree,base_game,,PAX0014842190,True,duplicate_paxCode:PAX0014842190
We Love Katamari REROLL+ Royal Reverie,we_love_katamari_reroll_royal_reverie,E05071,21,2024-08_2024-09,2026-06,"Alibaba, Heybox, Sonkwo",E05071=21p,,False,,PAX0012872162,1730700,We Love Katamari Reroll + Royal Reverie,exact,1.0,,False,
We Love Katamari REROLL+ Royal Reverie Special Edition,we_love_katamari_reroll_royal_reverie_special,E06305,22,2024-08_2024-09,2026-06,"Alibaba, Heybox, Sonkwo",E06305=22p,,False,,,1730700,We Love Katamari Reroll + Royal Reverie,base_game,,PAX0012872162,True,duplicate_paxCode:PAX0012872162
